judul_berita,source_domain,url_berita,tanggal_berita_norm,kategori_isu,artikel_berita_bersih,topik_llm,subtopik_llm,sentimen,alasan_sentimen,poin_of_interest,statement_pejabat,confidence,text_len
Gak Berdaya! Rupiah Babak Belur Lawan Mata Uang ASEANResearch2 menit yang lalu,www.cnbcindonesia.com,https://www.cnbcindonesia.com/research/20250926102414-128-670389/gak-berdaya-rupiah-babak-belur-lawan-mata-uang-asean,2025-09-26,Isu Internasional,"gak berdaya rupiah babak belur lawan mata uang asean jakarta, cnbc indonesia - sepanjang 2025 ini, nilai tukar rupiah mengalami pelemahan terhadap mata uang negara-negara asean. seperti diketahui, mata uang garuda saat ini tengah mengalami tren pelemahan terhadap hampir seluruh mata uang utama dunia, khususnya dolar amerika serikat as . merujuk data dari refinitiv, sejak awal tahun hingga penutupan perdagangan kamis 25/9/2025 , ternyata rupiah juga turut melemah terhadap seluruh mata uang negara-negara tetangga di asean, yakni baht thailand, ringgit malaysia, dolar singapura, dolar brunei, kip laos, riel kamboja, kyat myanmar, peso filipina, dan dong vietnam. performa rupiah paling buruk dalam melawan baht thailand, awal tahun rp466,98/thb namun pada penutupan perdagangan kemarin, kamis 25/9/2025 rupiah melemah ke level rp520,67/thb atau seapnjang tahun ini terdepresiasi hingga 11,50%. selanjutnya, rupiah turut mengalami pelemahan yang cukup dalam di sepanjang tahun ini terhadap mata uang negeri jiran. rupiah terdepresiasi 10,67% terhadap ringgit malaysia, dimana di awal tahun rupiah masih berada di level rp3.591/myr dan terus mengalami pelemahan hingga di perdagangan kemarin, berada di posisi rp3.975/myr. artinya rupiah telah kehilangan rp384 perak terhadap ringgit sejak awal tahun. sama hal nya rupiah dalam melawan dolar singapura dan dolar brunei. kedua mata uang tersebut sama-sama menguat 9,68% terhadap rupiah di sepanjang 2025. dolar singapura tercatat sempat mencatatkan level terkuat nya terhadap rupiah di posisi rp13.010/sgd dalam perdagangan kemarin, kamis 25/9/2025 sebelum akhirnya ditutup di level rp12.921/sgd. tren pelemahan nilai rupiah juga terjadi pada kip laos, riel kamboja, dan kyat myanmar. masing-masing melemah 4,74%, 4,50%,dan 4,01% sepanjang tahun ini. rupiah turut terdepresiasi terhadap peso filipina sebesar 3,52%, dengan posisi terkahir kamis 25/9/2025 berada di level rp286,71/php. sementara itu, performa rupiah terhadap dong vietnam juga melemah walau hanya tipis 0,32%, terakhir dong vietnam ditutup di level rp0,6332/vnd setelah pada awal tahun di level rp0,6312/vnd. cnbc indonesia research evw/evw",Kemenkeu,nilai tukar rupiah,negatif,"Berita menggambarkan pelemahan rupiah yang signifikan terhadap seluruh mata uang ASEAN sepanjang tahun 2025 dengan penurunan hingga 11,50% terhadap baht Thailand.",,,0.9,2158
"Buntut Pembobolan Rekening Sekuritas Rp 70 M, OJK Panggil BCAMarket4 menit yang lalu",www.cnbcindonesia.com,https://www.cnbcindonesia.com/market/20250926112940-17-670415/buntut-pembobolan-rekening-sekuritas-rp-70-m-ojk-panggil-bca,2025-09-26,Isu Kemenkeu,"buntut pembobolan rekening sekuritas rp 70 m, ojk panggil bca jakarta, cnbc indonesia otoritas jasa keuangan ojk hari ini, jumat 26/9/2026 , akan memanggil pt bank central asia tbk. bbca terkait kasus pembobolan rekening dana nasabah rdn . kepala eksekutif pengawas perilaku pelaku usaha jasa keuangan, edukasi, dan pelindungan konsumen ojk, friderica widyasari dewi mengatakan pihaknya masih akan melihat apakah akan menjatuhkan sanksi, atas pembobolan rdn yang mencapai rp70 miliar itu. intinya kita harus selalu mengedepankan perlindungan konsumen, ya. hari ini kita akan panggil banknya untuk menjelaskan yang terjadi kemarin, ujar perempuan yang akrab disapa kiki itu saat ditemui di grand mercure, jumat 26/9/2025 . ia menjelaskan pemanggilan itu bertujuan untuk meminta penjelasan kepada bca. menurut kiki, pihaknya sudah mengetahui kasus ini lewat pengungkapan kepolisian. sebenarnya kita sudah tahu ya terjadi kemarin, cuma kita minta penjelasan resmi karena udah diekspos kan sama polisi, pungkasnya. kasus ini mencuat setelah muncul dugaan pembobolan rdn milik anak usaha pt panca global kapital tbk. pege di bca. nilai kerugian yang beredar mencapai rp70 miliar. pihak bca memastikan sistem mereka aman, namun mengakui tengah melakukan investigasi internal bersama perusahaan sekuritas terkait. bca sedang melakukan investigasi mendalam terhadap kejadian tersebut, bersama-sama dengan perusahaan sekuritas terkait. kami pastikan sistem bca tetap aman, tegas corporate secretary bca, i ketut alam wangsawijaya. sementara itu, kepala eksekutif pengawas perbankan ojk, dian ediana rae, menambahkan serangan siber kini bukan lagi aksi individu, melainkan dilakukan kelompok dengan skala besar. karena itu, ojk menerapkan pendekatan terintegrasi antara sektor perbankan, pasar modal, hingga aset kripto untuk mendalami kasus ini. kalau misalnya rdn terkait pasar modal dan perbankan, itu tentu langsung kami tangani bersama, ujar dian dalam rapat kerja dengan komisi xi dpr ri, rabu 17/9/2025 . mkh/mkh gambas video cnbc next article debt collector pinjol bisa tagih utang ke kantor, ini syaratnya",Lainnya,perbankan,negatif,Artikel membahas kasus pembobolan rekening nasabah senilai Rp70 miliar yang menunjukkan penurunan kinerja sistem keamanan perbankan.,Friderica Widyasari Dewi|Kepala Eksekutif Pengawas Perilaku Pelaku Usaha Jasa Keuangan OJK,"""intinya kita harus selalu mengedepankan perlindungan konsumen, ya. hari ini kita akan panggil banknya untuk menjelaskan yang terjadi kemarin""",0.9,2104
"InternasionalNetanyahu Ngamuk Lagi! Bombardir Negara Arab, 9 Tewas & 170 Luka-LukaNews7 menit yang lalu",www.cnbcindonesia.com,https://www.cnbcindonesia.com/news/20250926110646-4-670405/netanyahu-ngamuk-lagi-bombardir-negara-arab-9-tewas-170-luka-luka,2025-09-26,Isu Internasional,"netanyahu ngamuk lagi bombardir negara arab, 9 tewas 170 luka-luka jakarta, cnbc indonesia - pemerintah israel di bawah perdana menteri pm benjamin netanyahu, kembali meluncurkan serangan ke negara arab. kali ini, kota sanaa di yaman, menjadi sasaran. pemerintah kelompok houthi mengatakan serangan israel di sanaa menewaskan sedikitnya sembilan orang dan melukai lebih dari 170 orang pada hari kamis. serangan dilancarkan israel setelah sehari sebelumnya houthi melancarkan serangan pesawat tak berawak drone di eilat, israel selatan, melukai 50 orang. mengutip afp jumat 26/9/2025 , koresponden laman itu mendengar ledakan dan melihat kepulan asap mengepul dari tiga lokasi di wilayah sanaa. media houthi mengatakan target tersebut termasuk fasilitas penahanan. tim penyelamat di yaman masih mencari korban serangan israel , kata juru bicara kementerian kesehatan houthi, anees alasbahi, dalam laporan terbaru tentang jumlah korban. saluran televisi al-masirah milik houthi, mengutip sumber keamanan, mengatakan israel menargetkan salah satu fasilitas pemasyarakatan dinas keamanan dan intelijen , yang menampung sejumlah tahanan dan narapidana. al-masirah sebelumnya mengatakan bahwa sebuah pembangkit listrik dan dua permukiman telah menjadi sasaran, membagikan foto-foto yang menunjukkan bangunan-bangunan rendah dengan jendela-jendela yang hancur akibat bom. satu foto menunjukkan logam yang terpelintir dan potongan-potongan beton memenuhi jalan sementara orang-orang menonton. sementara foto lain menunjukkan orang-orang di atap sebuah bangunan yang rusak parah. di sisi lain, menteri pertahanan israel, israel katz, mengatakan serangan itu memberikan pukulan telak bagi banyak target teror organisasi teror houthi di sanaa. ia mengklaim serangan melenyapkan puluhan anggota teror houthi dan menghancurkan persediaan uav drone dan persenjataan. militer israel mengatakan targetnya termasuk markas besar staf umum houthi, serta lokasi keamanan dan intelijen lainnya, termasuk beberapa yang digunakan untuk menyimpan senjata dan merencanakan dan melaksanakan serangan terhadap israel.israel juga mengklaim bahwa markas besar hubungan masyarakat militer houthi juga menjadi sasaran. israel akan melakukan operasi ofensif tambahan terhadap rezim houthi dalam waktu dekat, ancam israel lagi. pada hari rabu, serangan drone yang diklaim oleh houthi menghantam resor wisata eilat di israel selatan. serangan ini menjebol sistem pertahanan udara israel, iron dome. netanyahu dan katz memperingatkan akan adanya respons yang keras. houthi mengatakan mereka bertindak sebagai bentuk solidaritas dengan palestina. houthi yang didukung iran mulai menargetkan israel dengan rudal dan drone serta menyerang kapal-kapal yang mereka anggap terkait dengan negara itu, setelah dimulainya perang gaza pada tahun 2023. sebagai tanggapan, israel telah melancarkan serangan di yaman, terutama yang menargetkan infrastruktur seperti pelabuhan, pembangkit listrik, dan bandara internasional sanaa. pada bulan agustus, israel membunuh kepala pemerintahan houthi, ahmed ghaleb nasser al-rahawi, bersama dengan sejumlah pejabat senior lainnya. serangan israel menewaskan 46 orang awal bulan ini. korban tewas termasuk jurnalis yang bekerja untuk surat kabar 26 september dan al-yaman. ia tewas dalam serangan di sanaa yang menargetkan operasi media militer huthi. serangan israel ke gaza sendiri sudah berlangsung sejak 2022. saat ini 65.000 warga palestina tewas karenanya. pbb sendiri sedang mengupayakan pembentukan dua negara two state solutions untuk membentuk negara palestina. sejumlah negara barat termasuk g7 mulai mengakui keberadaan negeri itu, seperti prancis, inggris, dan kanada. sef/sef gambas video cnbc next article israel ngamuk lagi, bombardir pelabuhan negara arab ini",Lainnya,Konflik Internasional,negatif,"Berita mengangkat serangan militer yang menimbulkan korban jiwa dan luka-luka, serta eskalasi konflik bersenjata antara negara.","Benjamin Netanyahu|Perdana Menteri Israel, Israel Katz|Menteri Pertahanan Israel","""serangan itu memberikan pukulan telak bagi banyak target teror organisasi teror Houthi di Sanaa""",0.95,3769
"Dukung Penurunan Emisi-Penanggulangan Bencana, Ini Peran Penting BPDLHNews7 menit yang lalu",www.cnbcindonesia.com,https://www.cnbcindonesia.com/news/20250926112320-4-670413/dukung-penurunan-emisi-penanggulangan-bencana-ini-peran-penting-bpdlh,2025-09-26,Isu Kemenkeu,"dukung penurunan emisi-penanggulangan bencana, ini peran penting bpdlh jakarta, cnbc indonesia - badan pengelola dana lingkungan hidup bpdlh menegaskan kembali perannya sebagai katalisator utama dalam mendukung pencapaian dua komitmen strategis pemerintah, yakni penurunan emisi gas rumah kaca dan penguatan ketahanan bangsa terhadap risiko bencana. sebagai informasi, pemerintah menetapkan target penurunan emisi sebesar 31,89% secara mandiri dan 43,20% dengan dukungan internasional pada 2030 mendatang. selain itu, pemerintah juga berkomitmen memperkuat ketangguhan nasional sesuai dengan kerangka kerja global sendai framework for disaster risk reduction. bpdlh memiliki mandat komprehensif untuk menghimpun, mengelola, dan menyalurkan dana melalui berbagai skema pembiayaan dan hibah, mengingat fungsinya sebagai badan layanan umum blu dengan fleksibilitas tinggi. pendanaan yang dikelola bpdlh bersumber dari apbn, apbd, filantropi, donor, badan usaha, hingga multilateral development banks mdbs . dengan mandat tersebut, bpdlh berperan menjadi penghubung vital antara penyedia dana dan pelaksana program dalam ekosistem pembiayaan lingkungan hidup dan penanggulangan bencana di indonesia. bpdlh berperan sebagai penghimpun sekaligus penyalur dana melalui program-program yang berada di bawah 10 kementerian komite pengarah. kami bertindak sebagai fasilitator yang mempertemukan pihak penyedia dana, seperti filantropi, donor, dan dunia usaha, dengan pihak pelaksana program, seperti pemerintah daerah, ungkap direktur penyaluran dana bpdlh, damayanti ratunanda dalam keterangan resmi, jumat 26/9/2025 . lebih jauh, bpdlh mengoptimalkan perannya melalui lima windows tema strategis. di antaranya adalah agriculture, forest, and other land use afolu dan sustainable ecosystem just and affordable clean energy circular economy and zero waste emission health, water, and food security serta climate and disaster resilience. seluruh implementasi tema strategis tersebut dilaksanakan dengan pengelolaan risiko komprehensif, termasuk perlindungan terhadap risiko lingkungan dan sosial yang menjadi prioritas utama dalam setiap program. selain itu, melalui keputusan menteri keuangan nomor 401/2021, bpdlh ditunjuk sebagai pelaksana pengelola dana bersama penanggulangan bencana atau pooling fund bencana pfb . mekanisme pembiayaan inovatif ini mengadopsi prinsip dana abadi dengan menghimpun modal dari berbagai sumber, antara lain pemerintah, swasta, dan internasional. setelah itu, dana tersebut dikembangkan melalui diversifikasi investasi jangka panjang dan pendek untuk menghasilkan imbal hasil berkelanjutan. berbeda dengan dana abadi konvensional yang hanya memanfaatkan hasil investasi, pfb memiliki fleksibilitas unik untuk menggunakan seluruh dana utama ketika menghadapi kondisi bencana luar biasa, baik bencana alam maupun non-alam seperti pandemi, yang ditetapkan oleh presiden republik indonesia. akhirnya, skema ini diambil guna memastikan ketersediaan sumber daya finansial yang memadai untuk mengatasi tantangan bencana yang semakin kompleks dan sulit diprediksi. lantas, hasil investasi pfb menjadi tulang punggung pembiayaan yang mencakup seluruh spektrum manajemen bencana, mulai dari pra-bencana, darurat bencana, hingga rehabilitasi pasca-bencana. di samping itu, pfb juga mendukung mekanisme transfer risiko melalui asuransi bencana, baik konvensional maupun produk inovatif seperti asuransi parametrik yang memberikan pembayaran langsung berdasarkan parameter fisik tertentu sesuai dengan polis. pada dasarnya, perlindungan berupa asuransi bencana menjadi kebutuhan krusial bagi pemerintah daerah untuk mengurangi beban fiskal, meningkatkan kewaspadaan, sekaligus mewujudkan kesiapsiagaan serta tanggap bencana yang lebih efektif. dengan keberadaan perlindungan ini, pemerintah daerah dapat fokus pada pembangunan dan pelayanan publik tanpa khawatir oleh beban finansial akibat bencana. untuk itu, pihak bpdlh menargetkan penyaluran dana pfb pada tahun 2025 kepada empat kementerian/lembaga strategis. di antaranya adalah bnpb, kementerian dalam negeri, kementerian sosial, dan kementerian kesehatan. tahapan awal ini dirancang untuk membangun fondasi yang kuat sebelum memperluas akses kepada pemerintah daerah. berlanjut pada tahun 2027, pemerintah daerah diharapkan dapat mengakses dana pfb dengan prioritas kegiatan yang tertera pada rencana penanggulangan bencana daerah, daerah dengan indeks risiko tinggi, dan rencana rehabilitasi dan rekonstruksi pasca-bencana khusus untuk kegiatan pasca-bencana, serta kegiatan yang termasuk dalam standar pelayanan minimum spm sub-urusan bencana. skema akses yang terstruktur ini akan memastikan pemanfaatan dana tepat sasaran dan memberikan dampak maksimal bagi masyarakat di daerah. untuk ke depannya, bpdlh akan mengintegrasikan dana lingkungan hidup, perubahan iklim, dan penanggulangan bencana dalam satu ekosistem terpadu yang menyeluruh dari hulu hingga hilir. upaya ini akan memperkuat peran bpdlh sebagai katalisator program pemerintah pusat dan daerah untuk mempercepat realisasi ketahanan nasional yang berkelanjutan dalam menghadapi berbagai tantangan, terutama meningkatnya risiko bencana akibat perubahan iklim. rah/rah gambas video cnbc",Kemenkeu,pengelolaan dana lingkungan,positif,Berita menyoroti peran positif BPDLH dalam mendukung program pemerintah dan keberhasilan pengelolaan dana untuk penurunan emisi dan penanggulangan bencana,Damayanti Ratunanda|Direktur Penyaluran Dana BPDLH,"kami bertindak sebagai fasilitator yang mempertemukan pihak penyedia dana, seperti filantropi, donor, dan dunia usaha, dengan pihak pelaksana program, seperti pemerintah daerah",0.9,5219
"Chatib Basri Ungkap Efek Bunga Deposito Dolar Naik, Rupiah Bisa LoyoMarket8 menit yang lalu",www.cnbcindonesia.com,https://www.cnbcindonesia.com/market/20250926111645-17-670409/chatib-basri-ungkap-efek-bunga-deposito-dolar-naik-rupiah-bisa-loyo,2025-09-26,Isu Kemenkeu,"chatib basri ungkap efek bunga deposito dolar naik, rupiah bisa loyo jakarta, cnbc indonesia - bank pelat merah kompak menaikkan suku bunga deposito valuta asing valas dolar amerika serikat ke level 4% mulai november 2025. kenaikan bunga deposito valas ini terjadi di tengah penguatan dolar as terhadap rupiah. ekonom senior sekaligus mantan menteri keuangan di era presiden sby, chatib basri menilai kenaikan bunga deposito valas ini menarik untuk dipelajari dampaknya baik dari sisi likuiditas rupiah, nilai tukar hingga dampaknya ke sistem perbankan tanah air. apa dampak menaikkan bunga deposito usd pada bank himbara dengan tujuan menarik arus modal kembali ke indonesia. gunakan kerangka ekonomi makro, papar chatib, dikutip dari laman x , jumat 26/9/2025 . dari sisi likuiditas rupiah, chatib menilai jika bunga deposito dalam dolar as di indonesia naik, akan muncul insentif bagi deposan untuk mengalihkan aset dari rupiah ke dolar as. akibatnya, terjadi permintaan lebih besar atas dolar as, tulisnya di laman x. hal ini terjadi karena masyarakat atau korporasi akan menukar rupiah ke dolar. alhasil, likuiditas rupiah di pasar menurun karena rupiah keluar dari sistem perbankan. secara makro, ini bisa menimbulkan tightening likuiditas rupiah di pasar uang domestik. suku bunga pasar rupiah bisa naik, katanya. kemudian, dia melihat dari sisi nilai tukar, kebijakan bank himbara ini akan meningkatkan permintaan atas dolar as. ini akan memberikan tekanan depresiasi rupiah. apalagi kalau selisih bunga dolar as di bank indonesia dengan rupiah mengecil, investor mungkin melihat dolar lebih atraktif lebih aman, mengurangi risiko kurs , papar chatib. kondisi inilah yang memicu rupiah melemah. namun, dia menilai jika bi melakukan intervensi atau menaikkan bunga rupiah untuk menjaga daya tariknya, dampaknya bisa berbeda. lebih lanjut, chatib pun menganalisa dampak kenaikan bunga simpanan valas ini terhadap perbankan. dia menekankan, kebijakan ini bisa menambah dana dalam dolar as perbankan karena jumlah deposito valasnya meningkat. namun, chatib mengingatkan ini bisa membuat dana dalam rupiah berkurang, karena nasabah shifting ke dolar as. dari sisi manajemen aset dan liabilitas, dia memandang bank harus menyalurkan simpanan dolar as tersebut dalam bentuk. kalau demand kredit dalam dolar rendah, bisa timbul mismatch, ujarnya. mismatch ini terjadi antara kewajiban dolar as dan aset rupiah di perbankan. ujung-ujungnya, likuiditas sistem perbankan rupiah bisa mengetat. ini, kata chatib, dapat mendorong persaingan bunga deposito rupiah naik untuk mempertahankan dana rupiah. dari analisa ini, chatib menyimpulkan likuiditas rupiah akan menurun alias ketat. lalu, nilai tukar rupiah melemah karena permintaan dolar as naik. di sisi perbankan, dana pihak ketiga dpk valas meningkat, tetapi dana dalam rupiah berkurang dan risiko mismatch serta biaya dana dalam rupiah meningkat. direktur utama bri hery gunardi mengatakan kenaikan suku bunga deposito valas merupakan respons bri terhadap dinamika pasar global sekaligus strategi untuk memperluas basis dana valuta asing. peningkatan suku bunga deposito valas ini menjadi salah satu upaya bri dalam memberikan nilai tambah bagi nasabah, sekaligus memperkuat likuiditas perseroan dalam denominasi mata uang asing, ujarnya. direktur utama pt bank mandiri persero tbk riduan menjelaskan bahwa dinamika pasar global telah meningkatkan kebutuhan nasabah terhadap instrumen valas yang aman, fleksibel, sekaligus memberikan potensi keuntungan menarik. menurut riduan, mengerek naik bunga deposito valas menjadi 4% sejalan dengan arahan strategis pemerintah dalam menjaga stabilitas nilai tukar serta memperkuat daya saing industri perbankan nasional. bank mandiri hadir dengan produk simpanan valas yang kompetitif serta layanan lengkap untuk membantu nasabah mengoptimalkan dana dan transaksi bisnis, baik di onshore maupun offshore. pada saat yang sama, kami berperan sebagai mitra strategis pemerintah dalam memperkuat stabilitas nilai tukar dan menjaga kesinambungan pertumbuhan ekonomi nasional, ungkap riduan. haa/haa gambas video cnbc next article bi rate turun, rupiah makin semangat hantam dolar as",Kemenkeu,kebijakan moneter,netral,Artikel berisi analisis ekonomi yang berimbang tentang dampak kenaikan suku bunga deposito valas tanpa nada kritik atau pujian yang kuat. Chatib Basri memberikan pandangan objektif tentang potensi efek positif dan negatif kebijakan tersebut.,Chatib Basri|Mantan Menteri Keuangan,"""peningkatan suku bunga deposito valas ini menjadi salah satu upaya BRI dalam memberikan nilai tambah bagi nasabah, sekaligus memperkuat likuiditas perseroan dalam denominasi mata uang asing""",0.9,4168
"Purbaya Sentil Rokok Ilegal, TikTok Shop Bilang Tanggung Jawab PenjualTech12 menit yang lalu",www.cnbcindonesia.com,https://www.cnbcindonesia.com/tech/20250926110804-37-670407/purbaya-sentil-rokok-ilegal-tiktok-shop-bilang-tanggung-jawab-penjual,2025-09-26,Isu Kemenkeu,"purbaya sentil rokok ilegal, tiktok shop bilang tanggung jawab penjual jakarta, cnbc indonesia - rokok ilegal tanpa pita cukai masih marak beredar melalui platform e-commerce. menteri keuangan purbaya yudhi sadewa mengatakan pihaknya telah memanggil sejumlah marketplace besar untuk diminta komitmennya dalam membersihkan platform dari produk ilegal. menanggapi hal ini, sejumlah e-commerce menyampaikan sikapnya. blibli melalui head of public relations nazrya octora menegaskan pihaknya berkomitmen penuh mendukung upaya pemerintah dalam memberantas peredaran rokok ilegal tanpa pita cukai maupun pita cukai palsu. kami senantiasa berkoordinasi dengan direktorat jenderal bea dan cukai serta asosiasi e-commerce indonesia idea , dan telah menerapkan mekanisme pencegahan, penanganan, serta kurasi ketat terhadap seller agar produk ilegal tidak diperjualbelikan di platform kami, kata nazrya dalam keterangan tertulis yang diterima cnbc indonesia, jumat 26/9/2025 . sementara itu, tokopedia dan tiktok indonesia menekankan bahwa platform mereka berbasis user-generated content ugc , yaitu penjual dapat mengunggah produk secara mandiri. kami aktif mengimbau kepatuhan penjual terhadap aturan, melarang produk/toko yang melanggar, dan melakukan aksi proaktif guna menjaga aktivitas di dalam platform sesuai koridor hukum, ujar head of public policy and government relations, hilmi adrianto. jika masih menemukan pelanggaran, masyarakat dapat melaporkannya melalui fitur laporkan di setiap halaman produk. dem/dem gambas video cnbc next article lebih hemat, lebih cepat jingle mv jkt48 x shopee nempel di otak",Kemenkeu,rokok ilegal,positif,Berita menunjukkan komitmen aktif Kementerian Keuangan dan platform e-commerce dalam memberantas peredaran rokok ilegal tanpa pita cukai.,Purbaya Yudhi Sadewa|Menteri Keuangan,"""kami senantiasa berkoordinasi dengan direktorat jenderal bea dan cukai serta asosiasi e-commerce indonesia idea , dan telah menerapkan mekanisme pencegahan, penanganan, serta kurasi ketat terhadap seller agar produk ilegal tidak diperjualbelikan di platform kami""",0.9,1607
Daftar 7 Bandara Terkecil Dunia & Jumlah Penerbangan yang TerbatasLifestyle17 menit yang lalu,www.cnbcindonesia.com,https://www.cnbcindonesia.com/lifestyle/20250926092434-33-670373/daftar-7-bandara-terkecil-dunia-jumlah-penerbangan-yang-terbatas,2025-09-26,Isu Internasional,"daftar 7 bandara terkecil dunia jumlah penerbangan yang terbatas jakarta, cnbc indonesia - pesawat menjadi salah satu moda transportasi yang sangat dibutuhkan dalam perjalanan. tak heran, ini berdampak akan pentingnya fasilitas dan kemegahan agar bisa menampung para penumpang. kendati bandara-bandara internasional utama melayani jutaan penumpang setiap tahun dan dilengkapi fasilitas mewah, namun ada juga beberapa bandara terkecil di dunia beroperasi dengan infrastruktur yang minim. tidak hanya itu, bandara tersebut juga memiliki landasan pacu yang pendek, dan jumlah penerbangan yang terbatas. namun demikian, bandara kecil tersebut memainkan peran penting dalam menyediakan akses ke beberapa destinasi paling terpencil dan menantang di dunia. berikut adalah bandara terkecil di dunia dilansir laman times of india. 1. bandara juancho e. yrausquin di saba, karibia belanda dengan panjang landasan pacu hanya 400 meter, bandara ini memiliki landasan pacu komersial terpendek di dunia. bandara ini terletak di tebing di pulau saba, karibia belanda, dan dikelilingi oleh laut di tiga sisi dan pegunungan di sisi lainnya. proses pendaratan dan lepas landasnya pun dapat dibayangkan mendebarkan sekaligus menantang. 2. bandara tenzing-hillary di lukla, nepal dikenal sebagai bandara lukla, bandara ini hanya memiliki panjang 527 meter dan terletak di ketinggian 2.860 meter. bandara ini merupakan gerbang menuju gunung everest. bandara lukla juga merupakan salah satu bandara paling berbahaya di dunia karena landasan pacunya yang miring dan berakhir di turunan curam. setiap langkahnya penuh perhitungan. 3. bandara barra di skotlandia, inggris terletak di pulau barra yang terpencil, bandara ini merupakan satu-satunya di dunia di mana penerbangan komersial mendarat langsung di pantai. jika anda penasaran, landasan pacu berpasirnya terkadang tersapu oleh air pasang, dan seperti yang diperkirakan, jadwal penerbangan bergantung pada kondisi pasang surut. 4. bandara helgoland di jerman bandara kecil ini, yang terletak di pulau helgoland, jerman, di laut utara, memiliki tiga landasan pacu pendek, menjadikannya salah satu bandara komersial terkecil di eropa. bandara ini terutama melayani penerbangan regional kecil dan keadaan darurat medis. 5. bandara internasional moshoeshoe i di lesotho dengan ketinggian hanya 1.320 meter, bandara ini melayani lesotho, sebuah negara kecil di afrika. bandara ini terletak di dataran tinggi dan utamanya melayani penerbangan domestik dan internasional terbatas. 6. courchevel altiport di prancis dengan panjang hanya 537 meter, bandara ini terletak di pegunungan alpen prancis, dan terkenal dengan landasan pacunya yang sangat curam dan pendek. landasan pacunya dibangun di lereng gunung. pilot memerlukan pelatihan khusus untuk mendarat di sini. 7. bandara agatti di india bandara agatti adalah satu-satunya landasan udara di kepulauan lakshadweep yang terpencil di india. bandara ini dikelilingi oleh perairan biru kehijauan laut arab, dan landasan pacunya yang pendek tidak memungkinkan untuk diperluas. miq/miq gambas video cnbc next article 3 bandara di indonesia kembali berstatus internasional",Lainnya,bandara,netral,"Artikel memberikan informasi faktual tentang bandara-bandara terkecil di dunia tanpa nada positif atau negatif yang menonjol, hanya menjelaskan karakteristik dan kondisi bandara tersebut.",,,0.95,3144
Komisi VI DPR Sepakat Kementerian BUMN Diubah Jadi Badan PengaturanMarket21 menit yang lalu,www.cnbcindonesia.com,https://www.cnbcindonesia.com/market/20250926110357-17-670402/komisi-vi-dpr-sepakat-kementerian-bumn-diubah-jadi-badan-pengaturan,2025-09-26,Isu Nasional,"komisi vi dpr sepakat kementerian bumn diubah jadi badan pengaturan jakarta, cnbc indonesia komisi vi dpr sepakang mengubah nomenklatur kementerian badan usaha milik negara bumn menjadi badan pengaturan bumn. hal ini sebagaimana keputusan panitia kerja revisi uu bumn yang telah menggodok hal tersebut dalam tiga hari terakhir atau sejak 23 september 2025. yang pertama pengaturan terkait lembaga yang menyelenggarakan tugas pemerintahan di bidang bumn dengan nomenklatur badan pengaturan bumn yang selanjutnya bp bumn, kata wakil ketua komisi vi andre rosiade yang sekaligus menjabat sebagai ketua panja revisi uu bumn, jumat 26/9/2025 . andre mengatakan total ada 84 pasar yang diubah. selain perubahan status kementerian bumn, 10 poin penting lain yang tertuang dalam ruu tentang perubahan keempat atas undang-undang nomor 19 tahun 2003 tentang badan usaha milik negara bumn adalah 1. menambah kewenangan peran bp bumn dalam mengoptimalkan peran bumn. 2. pengaturan deviden saham seri a dwi warna dikelola langsung oleh bp bumn atas persetujuan presiden. 3. larangan rangkap jabatan untuk menteri dan wakil menteri pada direksi komisaris dan dewas atau dewan pengawas bumn sebagai tindak lanjut putusan mahkamah konstitusi. 4. menghapus ketentuan anggota direksi, anggota dewan komisaris dan dewan pengawas bukan merupakan penyelenggara negara. 5. kesetaraan gender bagi karyawan bumn yang menduduki jabatan direksi komisaris dan jabatan manajer di bumn. 6. perlakuan perpajakan atas transaksi yang melibatkan badan holding operasional, holding investasi atau pihak ketiga yang diatur dalam peraturan pemerintah. 7. mengatur pengecualian pengurusan bumn yang ditetapkan sebagai alat fiskal dari bp bumn 8. pengaturan kewenangan pemeriksaan keuangan bumn oleh badan pemeriksa keuangan 9. pengaturan mekanisme peralian dari kementerian bumn kepada bpbumn. 10. pengaturan jangka waktu rangkap jabatan menteri atau wakil menteri sebagai organ bumn sejak putusan mahkamah konstitusi diucapkan, serta pengaturan substansial lainnya. mkh/mkh gambas video cnbc next article 844 perusahaan bumn resmi jadi milik danantara",Nasional,BUMN,netral,"Berita melaporkan keputusan perubahan nomenklatur Kementerian BUMN menjadi Badan Pengaturan BUMN tanpa mengandung unsur kritik atau pujian khusus, hanya menyampaikan fakta perkembangan kebijakan.",Andre Rosiade|Wakil Ketua Komisi VI DPR,yang pertama pengaturan terkait lembaga yang menyelenggarakan tugas pemerintahan di bidang bumn dengan nomenklatur badan pengaturan bumn yang selanjutnya bp bumn,0.9,2115
Purbaya Kumpulkan Rp 41 T Pajak Kripto hingga Fintech di Agustus 2025News26 menit yang lalu,www.cnbcindonesia.com,https://www.cnbcindonesia.com/news/20250926104639-4-670398/purbaya-kumpulkan-rp-41-t-pajak-kripto-hingga-fintech-di-agustus-2025,2025-09-26,Isu Kemenkeu,"purbaya kumpulkan rp 41 t pajak kripto hingga fintech di agustus 2025 jakarta, cnbc indonesia - direktorat jenderal pajak djp kementerian keuangan di bawah pimpinan menkeu purbaya yudhi sadewa mencatat penerimaan dari sektor usaha ekonomi digital mencapai sebesar rp 41,09 triliun hingga 31 agustus 2025. adapun, penerimaan ini yang berasal dari pemungutan pajak pertambahan nilai ppn perdagangan melalui sistem elektronik pmse rp31,85 triliun, pajak atas aset kripto rp1,61 triliun, pajak fintech peer-to-peer lending rp3,99 triliun, serta pajak yang dipungut pihak lain melalui sistem informasi pengadaan pemerintah pajak sipp rp3,63 triliun. direktur penyuluhan, pelayanan, dan hubungan masyarakat, rosmauli, menjelaskan bahwa sampai dengan agustus 2025 dari keseluruhan pemungut yang telah ditunjuk sebanyak 201 pmse telah melakukan pemungutan dan penyetoran ppn pmse dengan total rp31,85 triliun. jumlah tersebut terdiri atas setoran rp731,4 miliar pada 2020, rp3,90 triliun pada setoran masa sebesar rp2,15 triliun, kata rosmauli. sebagai catatan, sampai dengan agustus 2025, pemerintah telah menunjuk 236 perusahan sebagai pemungut ppn pmse. pada bulan yang sama, terdapat empat penunjukan baru, yaitu blackmagic design asia pte ltd, samsung electronics co., ltd., pia private internet access, inc, dan neon commerce inc. bersamaan dengan itu, pemerintah juga mencabut satu pemungut ppn pmse, yakni tp global operations limited. rosmauli menjelaskan penerimaan pajak atas usaha ekonomi digital lainnya berasal dari penerimaan pajak sipp. hingga agustus 2025, menurutnya, penerimaan dari pajak sipp sebesar rp3,63 triliun. penerimaan dari pajak sipp tersebut berasal dari rp402,38 miliar penerimaan tahun 2022, sebesar rp1,12 triliun penerimaan tahun 2023, rp1,33 triliun penerimaan tahun 2024, dan rp786,3 miliar penerimaan tahun 2025. penerimaan pajak sipp terdiri dari pph pasal 22 sebesar rp242,31 miliar dan ppn sebesar rp3,39 triliun. dengan realisasi sebesar rp41,09 triliun, pajak digital kian menegaskan perannya sebagai penggerak utama penerimaan negara di era digital ini, ujar rosmauli. rosmauli juga berharap tren positif tersebut terus berlanjut sejalan dengan meluasnya basis pemungutan ppn pmse, perkembangan industri fintech dan kripto, serta optimalisasi sistem digital di sektor pengadaan pemerintah. haa/haa gambas video cnbc next article djp finalisasi pajak kripto, ini perhitungannya",Kemenkeu,pajak digital,positif,"Berita menunjukkan keberhasilan penerimaan pajak dari sektor ekonomi digital yang mencapai Rp41,09 triliun dan menegaskan peran pajak digital sebagai penggerak utama penerimaan negara.","Purbaya Yudhi Sadewa|Menteri Keuangan, Rosmauli|Direktur Penyuluhan, Pelayanan, dan Hubungan Masyarakat DJP","""dengan realisasi sebesar rp41,09 triliun, pajak digital kian menegaskan perannya sebagai penggerak utama penerimaan negara di era digital ini""",0.95,2412
Titiek Marah Lihat Mutu Beras di Gudang Bulog: Warnanya Udah Abu-Abu!News30 menit yang lalu,www.cnbcindonesia.com,https://www.cnbcindonesia.com/news/20250926105952-4-670399/titiek-marah-lihat-mutu-beras-di-gudang-bulog-warnanya-udah-abu-abu,2025-09-26,Isu Nasional,"titiek marah lihat mutu beras di gudang bulog warnanya udah abu-abu jakarta, cnbc indonesia - ketua komisi iv dpr ri siti hediati hariyadi titiek soeharto tak menyimpan kegeramannya saat melakukan inspeksi mendadak sidak ke gudang bulog tabahawa, maluku utara, selasa 23/9/2025 . sidak itu dilakukan untuk memastikan cadangan ebras pemerintah cbp aman dan berkualitas. dalam video yang diunggah akun instagram resmi dpr ri tampak titiek geram melihat kualitas dan warna beras-beras yang menumpuk di gudang bulog tersebut. dia pun memerintahkan kepala perum bulog cabang ternate jefry tanasy yang ditemuinya agar memberikan laporan yang benar kepada menteri dan kepala bulog. ini untuk mengecek kondisi beras yang ada di sini. ternyata ini ada yang sudah setahun lebih. jadi masuk ke sini mei tahun 2024, masih ada 1.200 ton, kata titiek, dikutip dari /dpr_ri, jumat 26/9/2025 . ini warnanya sudah...apa ini..abu-abu. saya nggak tahu ini mesti mau disimpan sampai kapan di sini. kenapa nggak disalur-salurkan , tukas titiek. memang, lanjutnya, di gudang itu sudah ada sejumlah beras yang tengah siap dikemas untuk sphp. dia pun menyayangkan kualitas beras yang dijual rp65.000 per kemasan 5 kg atau rp12.500 per kg. tapi saya rasa kalau sphp dapatnya yang kaya begini, nggak layak begini, ujarnya. kalau memang sudah kualitasnya terlalu jelek, ya udah jangan dijual. buat bantuan pun juga nggak layak. gitu. mungkin buat pakan ternak, tukas titiek lagi. titiek pun mendesak kementerian pertanian, bapanas, dan bulog segera bergerak cepat menyalurkan stok lama sebelum kualitas berasnya semakin menurun. dpr ri juga akan gelar rapat kerja lintas lembaga agar distribusi lebih cepat dan tepat sasaran, ucapnya. beras impor masih oke, tapi... rakyat berhak dapat beras terbaik kalau disalurkan begini jelas tidak layak. masyarakat harus makan beras yang sehat dan aman, ujar titiek. dpr ri pun mengingatkan, beras bukan sekadar pangan, ini soal hak rakyat untuk hidup sehat dan layak. merespons pernyataan titiek tersebut, tampak dalam video, kepala perum bulog cabang ternate jefry tanasy tidak memberikan sanggahan atau pernyataan. saat ditanya-tanya soal nasib beras yang menumpuk di gudang itu, jefry tampak tak memberi jawaban. namun, selama sidak, jefry terlihat mendampingi titiek dan rombongannya, meski tak terdengar penjelasan yang diberikannya. dce/dce gambas video cnbc next article luar biasa, stok beras di gudang bulog menuju 4 juta ton",Nasional,kualitas beras,negatif,"Titiek Soeharto mengkritik tajam kualitas beras di gudang Bulog yang sudah berwarna abu-abu dan tidak layak dikonsumsi, serta mengecam penumpukan stok beras lama.",Siti Hediati Hariyadi (Titiek Soeharto)|Ketua Komisi IV DPR RI,"""ini warnanya sudah...apa ini..abu-abu. saya nggak tahu ini mesti mau disimpan sampai kapan di sini. kenapa nggak disalur-salurkan""",0.9,2447
Menperin Dukung Penuh Purbaya Soal Kebijakan Cukai RokokNews31 menit yang lalu,www.cnbcindonesia.com,https://www.cnbcindonesia.com/news/20250926103338-4-670394/menperin-dukung-penuh-purbaya-soal-kebijakan-cukai-rokok,2025-09-26,Isu Kemenkeu,"menperin dukung penuh purbaya soal kebijakan cukai rokok jakarta, cnbc indonesia-menteri perindustrian agus gumiwang mendukung langkah menteri keuangan purbaya yudhi sadewa terkait dengan industri rokok. terutama dalam mengeksekusi kebijakan cukai. cukai tembakau saya mendukung menteri keuangan. full, ungkap agus dikutip jumat 26/9/2025 sebelumnya purbaya menyampaikan, kebijakan tarif cukai hasil tembakau cht pada 2026 akan diarahkan untuk menjaga keberlangsungan industrinya. ia mengatakan, meskipun target setoran kepabeanan dan cukai pada 2026 naik menjadi rp 336 triliun dari rancangan awal sebesar rp 334,30 triliun, cara untuk memperolehnya tak harus dengan menaikkan tarif, termasuk tarif cukai rokok. pendapatan cukai itu nggak harus tarifnya naik kan, kata purbaya beberapa waktu lalu. meski begitu, dalam satu dua hari ke depan, ia mengatakan, akan menemui asosiasi industri rokok untuk meramu kebijakan cht pada tahun depan. ia memastikan, pemerintah akan menerapkan kebijakan cht menyesuaikan kondisi industri. yang penting adalah kita ingin menjaga, jangan sampai saya mematikan industri rokok domestik, sementara industri rokok di cina hidup, gara-gara mereka yang mensuplai kita, tuturnya. sebelumnya, dukungan terhadap purbaya juga muncul dari badan anggaran dewan perwakilan rakyat dpr dan komisi xi dpr. mij/mij gambas video cnbc next article ini kata menkeu purbaya soal nasib cukai rokok tahun depan",Kemenkeu,cukai rokok,positif,"Artikel menunjukkan dukungan penuh dari Menteri Perindustrian terhadap kebijakan Menteri Keuangan terkait cukai rokok, dengan fokus menjaga keberlangsungan industri.","Purbaya Yudhi Sadewa|Menteri Keuangan, Agus Gumiwang|Menteri Perindustrian","""cukai tembakau saya mendukung menteri keuangan. full""",0.9,1423
"InternasionalRamai-Ramai Media Asing Sorot Makan Bergizi Gratis, Sebut IniNews37 menit yang lalu",www.cnbcindonesia.com,https://www.cnbcindonesia.com/news/20250926104304-4-670396/ramai-ramai-media-asing-sorot-makan-bergizi-gratis-sebut-ini,2025-09-26,Isu Nasional,"ramai-ramai media asing sorot makan bergizi gratis, sebut ini jakarta, cnbc indonesia - sejumlah media asing menyoroti program pemerintah indonesia, makan bergizi gratis mbg . laman reuters misalnya menulis bagaimana lebih dari 1.000 anak indonesia keracunan di program unggulan tersebut. lebih dari 1.000 anak di jawa barat, indonesia, menderita keracunan makanan minggu ini akibat makan siang sekolah, kata pihak berwenang, tulis laman itu, dalam artikel over 1,000 indonesians sick from school meals in more food poisoning outbreaks , dikutip jumat 26/9/2025 . ini merupakan kasus besar terbaru dari serangkaian wabah dan kemunduran lain bagi program makanan gratis bernilai miliaran dolar yang dicanangkan presiden, tambah media tersebut. ditambahkannya bahwa kasus-kasus terbaru ini menyusul keracunan yang dialami 800 siswa yang menyantap makan siang sekolah minggu lalu. lokasi kasus juga di jawa barat dan sulawesi tengah. pertanyaan telah diajukan mengenai standar dan pengawasan program ini, yang telah berkembang pesat hingga menjangkau lebih dari 20 juta penerima, dengan tujuan ambisius untuk memberi makan 83 juta orang pada akhir tahun, muat laman itu lagi. anggaran program sebesar rp 171 triliun akan berlipat ganda tahun depan, tambahnya. hal sama juga diberitakan bbc international. laman inggris tersebut membuat artikel berjudul over 1,000 children fall ill from free school lunches in indonesia . para korban wabah baru-baru ini mengeluhkan sakit perut, pusing, dan mual serta sesak napas, yang merupakan gejala keracunan makanan yang tidak umum, tulisnya. dalam kasus-kasus keracunan makanan sebelumnya yang berasal dari program makan siang gratis, kelalaian dalam penyiapan makanan telah disebut sebagai dugaan penyebab. para korban minggu ini menyantap hidangan yang berisi ayam kecap, tahu goreng, sayur, dan buah, tetapi insiden keracunan sebelumnya dikaitkan dengan saus kedaluwarsa dan, dalam satu kasus, sajian ikan hiu goreng, muat laman itu lagi. dilaporkan pula bagaimana insiden keracunan makanan massal telah menyebabkan lembaga swadaya masyarakat lsm mendesak pihak berwenang untuk menangguhkan program tersebut karena masalah kesehatan. namun menteri koordinator pemberdayaan masyarakat, dilaporkan bbc, mengatakan tidak ada rencana untuk menghentikannya, di mana badan nasional penanggulangan gizi bng mengatakan bahwa keracunan makanan massal akibat dari kesalahan teknis yang dilakukan oleh unit pelayanan pemenuhan gizi sppg . sementara itu laman inggris independent juga menyorot desakan ke pemerintah untuk menangguhkan program mbg. disebutkan bagaimana laporan televisi menunjukkan bangsal rumah sakit dipenuhi anak-anak, beberapa di antaranya menangis kesakitan dan memegangi perut mereka, sementara polisi dan petugas kesehatan membawa korban lainnya dengan ambulans, van, dan truk. pusat inisiatif pengembangan strategis indonesia cpi mengatakan data terbaru menunjukkan jumlah kasus yang dilaporkan hanyalah puncak gunung es , kata laman itu mengutip organisasi lokal. jaringan pemantau pendidikan indonesia jpi , sebuah kelompok pemantau, mengatakan program makan gratis telah gagal, muatnya dalam artikel indonesia s free school meals program under scrutiny as 5,000 children fall ill . sef/sef gambas video cnbc next article hitung-hitungan prabowo, penerima mbg tembus 82,9 juta di november",Nasional,keracunan makanan,negatif,"Berita mengungkap kasus keracunan massal yang menimpa ribuan anak dalam program pemerintah, disertai kritik dari berbagai pihak mengenai kegagalan program.",Menteri Koordinator Pemberdayaan Masyarakat,tidak ada rencana untuk menghentikannya,0.9,3342
"Mentan Amran Bilang Pertanian Siap Bikin RI Naik Kelas, Begini CaranyaNews47 menit yang lalu",www.cnbcindonesia.com,https://www.cnbcindonesia.com/news/20250926103824-4-670395/mentan-amran-bilang-pertanian-siap-bikin-ri-naik-kelas-begini-caranya,2025-09-26,Isu Nasional,"mentan amran bilang pertanian siap bikin ri naik kelas, begini caranya jakarta, cnbc indonesia - menteri pertanian mentan amran sulaiman mengatakan, indonesia siap naik kelas. dari penghasil bahan mentah menjadi negara pengolah sekaligus eksportir produk pertanian bernilai tambah tinggi. kata amran, program hilirisasi tidak hanya meningkatkan nilai tambah ekspor, tetapi juga menciptakan jutaan lapangan kerja baru, menghidupkan industri desa, dan memperkuat ekonomi lokal. selama ini, negara lain mengolah kakao dan kopi kita lalu mengekspor dengan nilai puluhan kali lipat. kini saatnya indonesia memimpin hilirisasi komoditasnya sendiri, kata amran dalam keterangan resmi, dikutip jumat 26/9/2025 . untuk itu, sambungnya, pemerintah menyiapkan investasi senilai rp371,6 triliun yang bersumber dari kredit usaha rakyat kur , sektor swasta, dan badan usaha milik negara bumn . lebih jauh, jelasnya, pemerintah mempercepat hilirisasi komoditas strategis perkebunan dengan fokus pada enam komoditas utama, yakni tebu, kakao, kelapa, kopi, mete, serta lada/pala. program ini menargetkan pengembangan lahan seluas 800.000 hektare dengan dukungan anggaran belanja tambahan abt kementerian pertanian sebesar rp9,95 triliun. dengan sinergi pemerintah, dunia usaha, dan pemuda, hilirisasi diharapkan menjadi momentum penting untuk memperkuat kedaulatan pangan sekaligus meningkatkan daya saing pertanian indonesia di pasar global, tegas amran. pb hmi dukung hilirisasi pertanian sementara itu, himpunan mahasiswa islam hmi turut mendorong peningkatan nilai tambah pertanian lewat hilirisasi. sebagaimana terus ditekankan kementerian pertanian kementan . ketua umum pengurus besar pb hmi bagas kurniawan mengatakan, regenerasi petani merupakan agenda strategis yang perlu mendapat perhatian. hal itu disampaikannya dalam forum guntur gerakan untuk rakyat bertajuk menakar hilirisasi sektor pertanian di sekretariat pb hmi, jakarta, kamis 25/9/2025 . menurutnya, semakin banyak generasi muda yang beralih profesi di luar sektor pertanian sehingga diperlukan langkah bersama untuk menjaga keberlanjutan pangan nasional. indonesia dikenal sebagai negara agraris, namun modernisasi pertanian kita masih tertinggal dibandingkan negara lain. karena itu, perlu pembenahan menyeluruh mulai dari kebijakan, penguatan kelembagaan, hingga jaminan harga yang menguntungkan petani, kata bagas dalam keterangannya, dikutip jumat 26/9/2025 . senada, ketua bidang pertanian dan kelautan pengurus besar pb hmi romadhon mengatakan, keterlibatan generasi muda dalam mengawal keberlanjutan hilirisasi menjadi penting. romadhon menegaskan, keterlibatan pemuda menjadi kunci dalam membangun hilirisasi yang berkelanjutan. hilirisasi berpotensi meningkatkan pertumbuhan ekonomi, membuka lapangan kerja, dan mengurangi ketergantungan impor. namun semua itu harus diawali dari sektor hulu dengan mendorong generasi muda kembali ke dunia pertanian, kata romadhon. dalam keterangan yang sama, ketua pengurus koperasi bulog pusat fatah yasin menekankan agar peran mahasiswa dan pemuda tidak berhenti pada wacana. pangan merupakan fondasi ketahanan sosial, ekonomi, dan politik. karena itu, mahasiswa harus mampu terlibat langsung dalam penguatan ekosistem pangan nasional, baik di sektor produksi on farm maupun pengolahan dan distribusi off farm , ujarnya. sementara itu, fian indonesia melalui martin hadiwinata mengingatkan, ketergantungan indonesia terhadap beras dan impor gandum masih tinggi. ia menilai diversifikasi pangan lokal perlu diperkuat agar akses gizi masyarakat lebih merata sekaligus mendorong kedaulatan pangan. regenerasi petani muda dan kampanye pangan lokal harus menjadi agenda strategis, termasuk bagi kader hmi, kata martin. dce/dce gambas video cnbc next article dipanggil prabowo ke istana, mentan amran lapor data baru stok beras",Nasional,Hilirisasi Pertanian,positif,Pemberitaan menunjukkan dukungan dan optimisme terhadap program hilirisasi pertanian yang diyakini akan meningkatkan nilai tambah ekspor dan menciptakan lapangan kerja,Amran Sulaiman|Menteri Pertanian,"""dengan sinergi pemerintah, dunia usaha, dan pemuda, hilirisasi diharapkan menjadi momentum penting untuk memperkuat kedaulatan pangan sekaligus meningkatkan daya saing pertanian indonesia di pasar global""",0.9,3824
"Ngeri! Utang Global Pecah Rekor, Tembus Rp 5.639 KuadriliunNews52 menit yang lalu",www.cnbcindonesia.com,https://www.cnbcindonesia.com/news/20250926101250-4-670385/ngeri-utang-global-pecah-rekor-tembus-rp-5639-kuadriliun,2025-09-26,Isu Internasional,"ngeri utang global pecah rekor, tembus rp 5.639 kuadriliun jakarta, cnbc indonesia - utang global mencapai rekor tertinggi sebesar us 337,7 triliun atau rp 5.639 kuadriliun rp 16.700/us pada akhir kuartal kedua. data ini diungkap oleh institute of international finance iif . dikutip dari reuters, rekor utang global ini didorong oleh pelonggaran kondisi keuangan global, pelemahan dolar as, dan sikap yang lebih akomodatif dari bank-bank sentral utama. institute of international finance, lembaga perdagangan jasa keuangan, mengatakan bahwa utang global meningkat lebih dari us 21 triliun pada paruh pertama tahun ini menjadi us 337,7 triliun. tiongkok, prancis, amerika serikat, jerman, inggris, dan jepang mencatat peningkatan terbesar dalam tingkat utang dalam dolar as, meskipun sebagian di antaranya disebabkan oleh melemahnya dolar, menurut iif. adapun, mata uang as telah melemah 9,75% sejak awal tahun terhadap sekeranjang mitra dagang utama. skala peningkatan ini sebanding dengan lonjakan yang terlihat pada paruh kedua tahun 2020, ketika respons kebijakan terkait pandemi mendorong peningkatan utang global yang belum pernah terjadi sebelumnya, kata iif dalam global debt monitor. data iif menunjukkan kanada, tiongkok, arab saudi, dan polandia mengalami peningkatan utang paling tajam. sementara itu, rasio utang justru menurun di irlandia, jepang, dan norwegia, menurut laporan iif. secara keseluruhan, rasio utang terhadap output global terus bergerak perlahan menurun, berada tepat di atas 324%. namun, di pasar negara berkembang, rasio tersebut mencapai 242,4%, rekor baru setelah revisi ke bawah pada laporan terakhir di bulan mei. total utang di pasar negara berkembang naik sebesar us 3,4 triliun pada kuartal kedua ke rekor tertinggi lebih dari us 109 triliun. emre tiftik, direktur riset berkelanjutan iif, mengatakan dalam sebuah webinar bahwa peningkatan belanja militer akan membebani neraca pemerintah di tengah meningkatnya ketegangan geopolitik. tiftik mencatat bahwa peningkatan utang terutama terjadi pada utang pemerintah, yang telah meningkat tajam di negara-negara g7 dan tiongkok. ia menambahkan bahwa reaksi pasar obligasi lebih keras di negara-negara maju, dengan imbal hasil obligasi 10 tahun g7 mendekati level tertingginya sejak 2011. utang pasar berkembang pasar negara berkembang menghadapi rekor tertinggi hampir us 3,2 triliun dalam pencairan obligasi dan pinjaman di sisa tahun 2025, menurut laporan iif. iif memperingatkan bahwa tekanan fiskal dapat meningkat di negara-negara seperti jepang, jerman, dan prancis. peningkatkan ini memunculkan kekhawatiran adanya bond vigilante . ini adalah merujuk pada investor yang menjual obligasi negara-negara yang keuangannya mereka anggap tidak berkelanjutan. meskipun rasio utang pemerintah meningkat tajam di seluruh pasar negara berkembang pada semester pertama - terutama di chili dan tiongkok - reaksi pasar lebih kuat di pasar negara maju tahun ini, tulis iif. laporan iif ini juga menyoroti kekhawatiran utang as, dengan mencatat bahwa pinjaman jangka pendek mencapai sekitar 20% dari total utang dan 80% dari penerbitan obligasi pemerintah. iif pun memperingatkan bahwa ketergantungan ini dapat meningkatkan tekanan politik pada bank sentral untuk mempertahankan suku bunga rendah, yang berisiko membahayakan independensi kebijakan moneter. haa/haa gambas video cnbc next article bank dunia proyeksi rasio utang ri bisa tembus 40% pada 2025",Kemenkeu,utang global,positif,"Berita membahas utang global dalam konteks pembiayaan dan kondisi keuangan global, sesuai pengecualian khusus bahwa 'utang' dalam konteks pembiayaan termasuk sentimen positif",Emre Tiftik|Direktur Riset Berkelanjutan IIF,"Emre Tiftik, direktur riset berkelanjutan IIF, mengatakan dalam sebuah webinar bahwa peningkatan belanja militer akan membebani neraca pemerintah di tengah meningkatnya ketegangan geopolitik.",0.9,3434
Simak! Ini Jadwal 17 Hari Libur Nasional & 8 Hari Cuti Bersama 2026Lifestyle56 menit yang lalu,www.cnbcindonesia.com,https://www.cnbcindonesia.com/lifestyle/20250926092817-33-670374/simak-ini-jadwal-17-hari-libur-nasional-8-hari-cuti-bersama-2026,2025-09-26,Isu Nasional,"simak ini jadwal 17 hari libur nasional 8 hari cuti bersama 2026 jakarta, cnbc indonesia - tahun 2026 sudah di depan mata. sebagaimana tahun-tahun lalu, banyak orang antusias untuk menyambut tahun yang baru dengan penuh semangat. terkait hal itu, pemerintah telah menetapkan 17 hari libur nasional dan delapan hari cuti bersama untuk tahun 2026. keputusan tersebut disampaikan usai rapat tingkat menteri dan dituangkan dalam surat keputusan bersama skb tiga menteri, yakni menteri agama, menteri pendayagunaan aparatur negara dan reformasi birokrasi, dan menteri ketenagakerjaan. adapun, pemerintah menetapkan hari libur nasional dan cuti bersama tahun 2026 sebagai rujukan bagi kementerian/lembaga/daerah k/l/d , dunia usaha, dan masyarakat dalam menyusun program kerja maupun agenda tahunan. dengan adanya kepastian jadwal, diharapkan pelayanan publik, kegiatan usaha, hingga agenda pribadi masyarakat dapat diatur lebih efisien. keputusan tersebut ditetapkan melalui surat keputusan bersama skb menteri agama, menteri ketenagakerjaan, dan menteri pendayagunaan aparatur negara dan reformasi birokrasi panrb nomor 1497/2025, nomor 2/2025 dan nomor 5/2025 dalam rapat tingkat menteri rtm di kantor kementerian koordinator bidang pembangunan manusia dan kebudayaan pmk , jakarta, jumat 19/9/2025 . untuk tahun 2026, total hari libur nasional ditetapkan sebanyak 17 hari sesuai peraturan perundangan yang berlaku. sementara itu, setelah melalui pembahasan lintas kementerian, cuti bersama disepakati sebanyak 8 hari, ujar menteri koordinator pmk pratikno. menteri panrb rini widyantini menambahkan bahwa cuti bersama bagi aparatur sipil negara asn . namun, sesuai ketentuan dalam pp 11/2017, penetapannya akan dituangkan dalam keppres. keppres inilah yang nantinya menjadi dasar resmi penetapan tanggal cuti bersama khusus asn, jelasnya. sementara itu, menteri agama nasaruddin umar menjelaskan bahwa libur nasional tahun 2026 telah mencakup hari-hari besar keagamaan dari berbagai agama di indonesia, sebagai wujud penghormatan negara terhadap keragaman umat beragama. lebih lanjut, wakil menteri ketenagakerjaan afriansyah noor juga menegaskan bahwa penetapan cuti bersama telah melalui kajian teknis lintas kementerian, sehingga keputusan ini diharapkan memberi kepastian bagi masyarakat dan dunia usaha dalam menyusun rencana kerjanya. daftar 17 hari libur nasional 8 hari cuti bersama tahun 2026 libur nasional 1. kamis, 1 januari 2026 bertepatan dengan tahun baru 2026 masehi 2. jumat, 16 januari 2026 bertepatan dengan isra mi raj nabi muhammad saw 3. selasa, 17 februari 2026 bertepatan dengan tahun baru imlek 2577 kongzili 4. kamis, 19 maret 2026 bertepatan dengan hari suci nyepi tahun baru saka 1948 5. sabtu, 21 maret 2026 bertepatan dengan idul fitri 1477 hijriah 6. minggu, 22 maret 2026 bertepatan dengan idul fitri 1477 hijriah 7. jumat, 3 april 2026 bertepatan dengan wafat yesus kristus 8. minggu, 5 april 2026 bertepatan dengan hari kebangkitan yesus kristus paskah 9. jumat, 1 mei 2026 bertepatan dengan hari buruh internasional 10. kamis, 14 mei 2026 bertepatan dengan kenaikan yesus kristus 11. rabu, 27 mei 2026 bertepatan dengan idul adha 1447 hijriah 12. minggu, 31 mei 2026 bertepatan dengan hari raya waisak 2570 buddhist era be 13. senin, 1 juni 2026 bertepatan dengan hari lahir pancasila 14. selasa, 16 juni 2026 bertepatan dengan 1 muharam tahun baru islam 1448 hijriah 15. senin, 17 agustus 2026 bertepatan dengan proklamasi kemerdekaan 16. selasa, 25 agustus 2026 bertepatan dengan maulid nabi muhammad saw 17. jumat, 25 desember 2026 bertepatan dengan kelahiran yesus kristus natal . cuti bersama 16 februari tahun baru imlek 2577 kongzili 18 maret hari suci nyepi tahun baru saka 1948 20, 23, dan 24 maret hari raya idul fitri 1447 h 15 mei kenaikan yesus kristus 28 mei idul adha 1447 h 24 desember kelahiran yesus kristus miq/miq gambas video cnbc next article kapan idul adha 2025 ini jadwal muhammadiyah libur pemerintah",Nasional,Libur Nasional,positif,Pemerintah memberikan kepastian jadwal libur nasional dan cuti bersama yang diharapkan dapat meningkatkan efisiensi pelayanan publik dan kegiatan usaha.,"Pratikno|Menteri Koordinator PMK, Rini Widyantini|Menteri PANRB, Nasaruddin Umar|Menteri Agama, Afriansyah Noor|Wakil Menteri Ketenagakerjaan","untuk tahun 2026, total hari libur nasional ditetapkan sebanyak 17 hari sesuai peraturan perundangan yang berlaku. sementara itu, setelah melalui pembahasan lintas kementerian, cuti bersama disepakati sebanyak 8 hari",0.9,3959
"Ini Daftar Terbaru Bunga Deposito Dolar di BNI, BRI & MandiriResearch1 jam yang lalu",www.cnbcindonesia.com,https://www.cnbcindonesia.com/research/20250926064652-128-670320/ini-daftar-terbaru-bunga-deposito-dolar-di-bni-bri-mandiri,2025-09-26,Isu Internasional,"ini daftar terbaru bunga deposito dolar di bni, bri mandiri jakarta, cnbc indonesia - bank pelat merah kompak menaikkan suku bunga deposito valuta asing valas dolar amerika serikat ke level 4% yang akan berlaku pada 5 november 2025. deposito valas merupakan simpanan berjangka dalam mata uang asing seperti usd, eur, sgd, aud, dan lainnya. hal ini cocok untuk nasabah yang memiliki kebutuhan atau pendapatan dalam mata uang asing. dan mengurangi risiko pelemahan rupiah karena nilai simpanan mengikuti kurs valas. menyimpan dana dalam berbagai mata uang dapat melindungi kekayaan dari fluktuasi ekonomi domestik. dana bisa langsung digunakan untuk transaksi internasional tanpa perlu menukar rupiah. sama seperti deposito rupiah, deposito valas juga dijamin lembaga penjamin simpanan lps dan memiliki bunga tetap. direktur utama bri hery gunardi mengatakan bahwa kebijakan tersebut diharapkan dapat menjadi magnet baru bagi investor ritel maupun institusi, baik domestik maupun internasional. kenaikan suku bunga deposito valas merupakan respons bri terhadap dinamika pasar global sekaligus strategi untuk memperluas basis dana valuta asing. sama halnya, pt bank negara indonesia persero tbk bbni juga melakukan strategi serupa. direktur utama bni putrama wahju setyawan mengatakan, penyesuaian ini merupakan strategi perseroan untuk menghadirkan nilai tambah bagi nasabah, khususnya yang selama ini lebih banyak menempatkan dana valas di luar negeri. adapun direktur utama pt bank mandiri persero tbk riduan menjelaskan bahwa dinamika pasar global telah meningkatkan kebutuhan nasabah terhadap instrumen valas yang aman, fleksibel, sekaligus memberikan potensi keuntungan menarik. menurut riduan, mengerek naik bunga deposito valas menjadi 4% sejalan dengan arahan strategis pemerintah dalam menjaga stabilitas nilai tukar serta memperkuat daya saing industri perbankan nasional. sementara itu, pt bank tabungan negara persero tbk bbtn menilai strategi bunga deposito valas 4% merupakan langkah antisipatif atas potensi meningkatnya aliran dana dari luar negeri ke dalam negeri. langkah tersebut juga dilakukan untuk memperkuat daya saing produk btn di kawasan asean. direktur utama btn nixon lp napitupulu mengatakan penyesuaian suku bunga dolar as tersebut merupakan strategi perseroan untuk menarik lebih banyak dana valuta asing ke indonesia. cnbc indonesia telah mencatat tingkat suku bunga valas 4 bank bumn saat ini. kemudian dalam postingan di x sebelumnya twitter, mantan menteri keuangan indonesia periode 2013-2014, muhammad chatib basri, ia mengomentari dampak menaikkan bunga deposito usd pada bank himbara dengan tujuan menarik arus modal kembali ke indonesia. menurutnya, dampak pada likuiditas rupiah, jika bunga deposito dalam usd di indonesia naik, akan muncul insentif bagi deposan untuk mengalihkan aset dari rupiah ke usd. akibatnya, terjadi permintaan lebih besar atas usd, maka masyarakat atau korporasi akan menukar rupiah ke dolar. secara konsekuensi, likuiditas rupiah di pasar menurun karena rupiah keluar dari sistem perbankan ditukar ke usd . secara makro, ini bisa menimbulkan tightening likuiditas rupiah di pasar uang domestick, sehingga suku bunga pasar rupiah bisa naik. kemudian, dampak pada exchange rate, permintaan dolar meningkat, karena deposito usd lebih menarik, sehingga tekanan depresiasi rupiah cenderung muncul. apalagi kalau selisih bunga usd di bank indonesia dengan rupiah mengecil, investor mungkin melihat usd lebih atraktif lebih aman, mengurangi risiko kurs . hasilnya, rupiah melemah terhadap dolar. namun jika bank indonesia melakukan intervensi atau menaikkan bunga rupiah untuk menjaga daya tariknya, dampaknya bisa berbeda. adapun dampak pada perbankan, funding side pendanaan dimana bank bisa mendapat tambahan dana usd deposito valas naik . tetapi ini bisa membuat dana dalam rupiah berkurang, karena nasabah shifting ke usd. dalam asset-liability management, bank harus menyalurkan usd tersebut. kalau demand kredit dalam usd rendah, bisa timbul mismatch. bahkan terdapat risiko valas, membuat bank berpotensi lebih terpapar mismatch antara kewajiban usd vs aset rupiah. sehingga likuiditas sistem perbankan rupiah bisa mengetat, mendorong persaingan bunga deposito rupiah naik untuk mempertahankan dana rupiah. sanggahan artikel ini adalah produk jurnalistik berupa pandangan cnbc indonesia research. analisis ini tidak bertujuan mengajak pembaca untuk membeli, menahan, atau menjual produk atau sektor investasi terkait. keputusan sepenuhnya ada pada diri pembaca, sehingga kami tidak bertanggung jawab terhadap segala kerugian maupun keuntungan yang timbul dari keputusan tersebut. cnbc indonesia research saw/saw",Kemenkeu,deposito valas,positif,Kebijakan kenaikan suku bunga deposito valas bertujuan menarik investasi dan menjaga stabilitas nilai tukar rupiah sesuai arahan strategis pemerintah.,"Hery Gunardi|Direktur Utama BRI, Putrama Wahju Setyawan|Direktur Utama BNI, Riduan|Direktur Utama Bank Mandiri, Nixon LP Napitupulu|Direktur Utama BTN, Muhammad Chatib Basri|Mantan Menteri Keuangan","direktur utama bri hery gunardi mengatakan bahwa kebijakan tersebut diharapkan dapat menjadi magnet baru bagi investor ritel maupun institusi, baik domestik maupun internasional.",0.9,4678
"RI Punya 'Harta Karun' Incaran Dunia Tapi Terbuang, Harganya Selangit!News1 jam yang lalu",www.cnbcindonesia.com,https://www.cnbcindonesia.com/news/20250926102846-4-670392/ri-punya-harta-karun-incaran-dunia-tapi-terbuang-harganya-selangit,2025-09-26,Isu Internasional,"ri punya harta karun incaran dunia tapi terbuang, harganya selangit jakarta, cnbc indonesia - pt timah tbk tins berencana menggarap harta karun yang saat ini diincar dunia. harta karun yang dimaksud adalah mineral dari sisa hasil produksi shp timah yang selama ini dibuang begitu saja. padahal, mineral ikutan timah seperti monasit, zirkon, dan xenotim mengandung unsur logam tanah jarang ltj . direktur utama pt timah tbk tins restu widiyantoro menjelaskan bahwa selama ini perusahaan tidak menyadari nilai dari sisa hasil produksi shp timah. akibatnya, mineral ikutan tersebut dibuang tanpa pemanfaatan yang lebih optimal. kami sudah putuskan bahwa semua shp yang selama ini dibuang di laut kami kumpulkan dan kami jaga untuk tahan untuk pengelolaan mineral ikutan atau hilirisasi di timah nantinya, ujarnya dalam rdp bersama komisi vi dpr ri, dikutip jumat 26/9/2025 . restu mengatakan pihaknya baru saja mendapat arahan dari menteri pendidikan tinggi, sains, dan teknologi brian yuliarto selaku kepala badan industri mineral untuk mulai mengelola mineral ikutan tersebut. kami mendapat arahan dan bertemu langsung dan dikunjungi oleh bapak menteri dikti, menteri pendidikan tinggi. baru empat hari yang lalu. dan di situ alhamdulillah kami mendapat arahan untuk mulai mengelola shp di timah, katanya. oleh karena itu, mulai saat ini pt timah akan mengubah praktik tersebut dengan mengumpulkan seluruh shp untuk diolah lebih lanjut. sebagaimana diketahui, logam tanah jarang ltj ini merupakan salah satu dari mineral strategis dan termasuk critical mineral yang terdiri dari 17 unsur, antara lain scandium sc , lanthanum la , cerium ce , praseodymium pr , neodymium nd , promethium pm , samarium sm , europium eu , gadolinium gd , terbium tb , dysprosium dy , holmium ho , erbium er , thulium tm , ytterbium yb , lutetium lu dan yttrium y . logam tanah jarang ini juga digunakan untuk bahan baku pembuatan alutsista di industri pertahanan. beberapa material alutsista menggunakan unsur ltj sebagai unsur paduan, antara lain material terfenol-d, paduan tiga logam terdiri dari terbium te , iron fe , dan dysprosium dy sebagai material peredam gelombang sonar pada teropong bidik senapan malam tbsm untuk material optic yttrium aluminium garnet yag dan lainnya. di indonesia, potensi mineral tanah jarang berasal dari beberapa produk turunan dari hasil pengolahan sejumlah mineral, seperti timah, emas, alumina, pasir zircon hingga nikel. harga fantastis chairman indonesian mining institute imi irwandy arif mengungkapkan bahwa ltj menjadi mineral yang cukup penting karena mempunyai segudang manfaat. salah satunya yakni untuk kebutuhan untuk industri pertahanan dan harganya cukup mahal. jadi pengembangan ltj itu untuk industri pertahanan tapi ltj kan selain pertahanan kan bisa buat harganya memang mahal, kata irwandy ditemui di jakarta beberapa waktu lalu. adapun, sepanjang 2025, neodymium menjadi logam tanah jarang dengan kenaikan harga paling signifikan. dalam beberapa waktu terakhir, harganya melonjak tajam. mengutip data trading economics, rabu 24/9/2025 harga neodymium stagnan di level cny 785.000/ton atau sekitar rp 1,84 miliar per ton pada 19 september 2025. dalam sebulan terakhir, harga neodymium naik 1,28%, dan melonjak 48,82% dibandingkan periode yang sama tahun lalu, berdasarkan perdagangan kontrak berjangka cfd yang mencerminkan pasar acuan komoditas ini. pgr/pgr gambas video cnbc next article lagi-lagi dunia bergantung pada china, ini alasannya",Nasional,mineral strategis,positif,"Berita mengungkap rencana optimalisasi pemanfaatan mineral strategis yang sebelumnya terbuang, menunjukkan potensi peningkatan nilai ekonomi dan industri pertahanan.",Restu Widiyantoro|Direktur Utama PT Timah Tbk,Kami sudah putuskan bahwa semua SHP yang selama ini dibuang di laut kami kumpulkan dan kami jaga untuk tahan untuk pengelolaan mineral ikutan atau hilirisasi di Timah nantinya,0.9,3477
"BP Tapera Bakal Gelar Akad Massal 25.000 Unit Rumah, Ini PenerimanyaNews1 jam yang lalu",www.cnbcindonesia.com,https://www.cnbcindonesia.com/news/20250926101558-4-670386/bp-tapera-bakal-gelar-akad-massal-25000-unit-rumah-ini-penerimanya,2025-09-26,Isu Nasional,"bp tapera bakal gelar akad massal 25.000 unit rumah, ini penerimanya jakarta, cnbc indonesia - bp tapera akan menggelar akad massal kpr sejahtera flpp sebanyak 25.000 unit rumah subsidi pada senin 29/9/225 di pesona kahuripan 10 cileungsi, bogor, jawa barat, serta secara online pada 90 titik yang tersebar di 33 provinsi. bp tapera akan menyerahkan kunci rumah secara simbolis kepada masyarakat dari lintas segmen. mulai dari tuna netra, pengumpul barang bekas, tukang becak, tukang tambal ban, ojek online, art, nelayan, petani, tukang cukur rambut, buruh, tenaga migran, guru, bidan, perawat, tni/ad dan polri. ada 200 unit rumah masyarakat berpenghasilan rendah mbr dari berbagai segmen profesi akan melakukan akad massal disaksikan langsung oleh presiden republik indonesia. sementara akad 24.800 unit lainnya dilakukan secara online yang tersebar di 90 titik di 33 provinsi melalui 39 bank penyalur flpp. insyallah kalau terealisasi ini akan menjadi akad massal terbesar dalam sejarah dan momen bersejarah sebagai bentuk dukung atas asta cita presiden prabowo dalam mewujudkan program 3 juta rumah, ujar komisioner bp tapera heru pudyo nugroho dalam konferensi pers di kantor bp tapera, jumat 26/9/2025 . heru optimistis, target 350.000 unit rumah subsidi untuk mbr akan tercapai di akhir tahun 2025. hal ini didasarkan pada capaian penyaluran rumah subsidi melalui fasilitas likuiditas pembiayaan perumahan flpp per 25 september 2025 sebanyak 182.657 unit senilai rp22,67 triliun yang disalurkan dari 38 bank penyalur dan dibangun oleh 7.378 pengembang, tersebar di 11.475 lokasi perumahan di 33 provinsi dan 394 kabupaten/kota. saya optimis target 350.000 akan tercapai di akhir tahun 2025, saat ini telah tercapai sebesar 52,18%. saya yakin berkat dukungan semua pihak, kolaborasi lintas sektor, dan semangat para pengembang insyaa allah target ini akan segera terselesaikan, ujar heru. dce gambas video cnbc next article bisakah program rumah subsidi berkembang tanpa bebankan apbn",Nasional,perumahan subsidi,positif,Berita menunjukkan keberhasilan program perumahan subsidi dengan realisasi akad massal terbesar dalam sejarah dan optimisme pencapaian target tahun 2025,Heru Pudyo Nugroho|Komisioner BP Tapera,Insyallah kalau terealisasi ini akan menjadi akad massal terbesar dalam sejarah dan momen bersejarah sebagai bentuk dukung atas asta cita presiden prabowo dalam mewujudkan program 3 juta rumah,0.9,1991
Purbaya Ancam Ambil Alih Uang Pemda yang Masih Nganggur Ekonomi  16 jam yang lalu,www.cnnindonesia.com,https://www.cnnindonesia.com/ekonomi/20250925180050-532-1277772/purbaya-ancam-ambil-alih-uang-pemda-yang-masih-nganggur,2025-09-25,Isu Kemenkeu,"cnn indonesia kamis, 25 sep 2025 19 37 wib jakarta, cnn indonesia -- menteri keuangan menkeu purbaya yudhi sadewa berencana mengambil alih uang pemerintah daerah pemda yang masih menganggur di rekening. purbaya beralasan belanja pemerintah daerah masih rendah meskipun menjelang akhir tahun. hingga 25 september 2025, belanja apbd terealisasi rp656,4 triliun atau baru sekitar 46,86 persen dari pagu sebesar rp1.400 triliun sepanjang tahun ini. lagi dipikirin, nanti kita lihat. emang kita mau lihat. nganggur betul apa enggak uangnya itu. kalau uangnya nganggur, ya kita ambil, kata purbaya saat ditemui di kantor kementerian keuangan, jakarta, kamis 25/9 . menurutnya, kementerian keuangan akan kembali menghitung kebutuhan apbd. apabila anggaran yang diberikan terus lambat penyalurannya, maka ada kemungkinan bakal dikurangi atau diambil dananya untuk dikelola pemerintah pusat. tapi kita mau hitung juga. harus hitung juga bahwa mereka perlu dana untuk awal tahun, januari, februari. kita lihat nanti seperti apa ini ya. tapi kalau emang betul-betul nganggur di sana, ya kita ambil alih, kita pindahin, imbuhnya. purbaya berencana melakukan edukasi kepada kepala daerah agar bisa mendukung pemerintah dalam mendorong pertumbuhan ekonomi. caranya dengan lebih rajin belanja untuk hal-hal yang prioritas. dengan sosialisasi ini diharapkan ke depannya belanja pemda bisa makin gencar dan membantu mendorong perekonomian yang tinggi di dalam negeri. nanti akan kita coba cash flow, prosedurnya biar lebih cepat, tapi itu kan enggak bisa tiba-tiba. kita harus edukasi dulu ke mereka, dan kita lihat mereka mampu apa enggak, jelasnya. seretnya belanja pemda ini tercermin dari dana yang mengendap di perbankan hingga akhir agustus 2025 sebesar rp233,11 triliun. jumlah ini naik dibandingkan periode yang sama tahun sebelumnya yang sebesar rp192,57 triliun. tapi yang jelas kita akan evaluasi dana yang di perbankan, yang punya pemerintah daerah yang sekitar rp100 triliun setiap tahun itu ada di akhir desember itu yang terpakai berapa, tegasnya. ldy/dhf topik terkait artikel terkait terkait lainnya di detiknetwork",Kemenkeu,APBD,negatif,"Berita mengkritik rendahnya realisasi belanja pemerintah daerah dan rencana pengambilalihan dana menganggur, menunjukkan penurunan kinerja penyaluran anggaran.",Purbaya Yudhi Sadewa|Menteri Keuangan,"""Lagi dipikirin, nanti kita lihat. emang kita mau lihat. nganggur betul apa enggak uangnya itu. kalau uangnya nganggur, ya kita ambil,""",0.9,2115
"Luhut: Program MBG Bagus, Tinggal Pengelolaan yang Tertib Ekonomi  17 jam yang lalu",www.cnnindonesia.com,https://www.cnnindonesia.com/ekonomi/20250925100133-532-1277517/luhut-program-mbg-bagus-tinggal-pengelolaan-yang-tertib,2025-09-25,Isu Kemenkeu,"tim cnn indonesia kamis, 25 sep 2025 17 51 wib jakarta, cnn indonesia -- ketua dewan ekonomi nasional den luhut pandjaitan menilai program makan bergizi gratis mbg sejatinya merupakan program yang baik. menurutnya, yang dibutuhkan saat ini hanyalah pengelolaan yang tertib agar anggaran besar yang disiapkan benar-benar bisa dimanfaatkan sesuai tujuan. program makan bergizi itu menurut saya program yang bagus, tinggal pengelolaannya saja supaya dilakukan dengan tertib. pak purbaya saya lihat, menteri keuangan, ingin terlibat langsung mengawasi supaya memastikan rp171 t itu bisa turun ke bawah dengan baik, ujar luhut di balai kota dki jakarta, rabu 24/9 . luhut juga memuji kebijakan menkeu purbaya yudhi sadewa yang berencana menarik kembali anggaran mbg bila penyerapannya tidak berjalan sesuai target. ia berpendapat kebijakan purbaya itu merupakan langkah tepat. ia menyebut hal itu sejalan dengan keinginan presiden prabowo subianto. prabowo ingin anggaran tersalurkan secara lebih efisien dan efektif sehingga uang berputar di masyarakat. karena ujung-ujungnya harus ada dana itu sampai di bawah. seperti yang disampaikan menteri keuangan purbaya di parlemen, sudah bagus sekali, dan itu program yang menurut saya sangat bagus, tambahnya. program mbg sejak awal 2025 mendapat sorotan publik. badan gizi nasional bgn menerima pagu rp71 triliun, dengan tambahan rp100 triliun dari presiden prabowo subianto. namun, purbaya mengingatkan tidak ada anggaran yang boleh menganggur dan siap dialihkan ke program lain jika serapannya rendah. di lapangan, pelaksanaan mbg masih dibayangi masalah kasus keracunan. di bandung barat, ratusan warga dilaporkan mengalami gejala mual, pusing, dan muntah setelah mengonsumsi makanan dari program tersebut. data jaringan pemantau pendidikan indonesia jppi mencatat hingga 21 september, jumlah kasus keracunan mencapai lebih dari 6.400 orang di lima provinsi. sejumlah pihak mendesak pemerintah mengevaluasi total mbg. icw menilai tata kelola program masih lemah, sementara ketua dpr ri puan maharani menyatakan evaluasi bersama diperlukan agar persoalan serupa tidak kembali terulang. skt, del/dhf topik terkait artikel terkait terkait lainnya di detiknetwork",Kemenkeu,program makan bergizi gratis,positif,"Pernyataan mendukung program MBG dan apresiasi terhadap rencana pengawasan anggaran oleh Menteri Keuangan, serta pujian terhadap kebijakan penarikan anggaran jika penyerapan tidak optimal.","Luhut Pandjaitan|Ketua Dewan Ekonomi Nasional, Purbaya Yudhi Sadewa|Menteri Keuangan","""program makan bergizi itu menurut saya program yang bagus, tinggal pengelolaannya saja supaya dilakukan dengan tertib. pak purbaya saya lihat, menteri keuangan, ingin terlibat langsung mengawasi supaya memastikan rp171 t itu bisa turun ke bawah dengan baik""",0.9,2203
"Purbaya Beri Subsidi Bunga buat KUR Perumahan, Segini Besarannya",www.detik.com,https://www.detik.com/properti/berita/d-8131197/purbaya-beri-subsidi-bunga-buat-kur-perumahan-segini-besarannya,2025-09-26,Isu Kemenkeu,"menteri keuangan purbaya yudhi sadewa menerbitkan aturan terkait subsidi bunga untuk kredit usaha rakyat kur di sektor perumahan. aturan tersebut tertuang dalam peraturan menteri keuangan pmk nomor 65 tahun 2025 tentang tata cara pelaksanaan kegiatan subsidi bunga/subsidi margin kredit program perumahan dan berlaku sejak 24 september 2025. peraturan ini dibuat dengan mempertimbangkan program 3 juta rumah butuh dukungan melalui perluasan akses kredit bagi pelaku usaha sektor perumahan. untuk itu, diperlukan pengaturan soal tata cara pelaksanaan kegiatan subsidi bunga atau subsidi margin kredit program perumahan kepada usaha mikro, kecil, dan menengah umkm berupa individu atau badan usaha di sektor ini. subsidi bunga yang dimaksudkan adalah tingkat bunga atau margin yang ditanggung pemerintah yang dibayarkan kepada penyalur kredit program perumahan. adapun penyalurnya merupakan lembaga keuangan atau koperasi yang sudah ditetapkan sebagai penyalur kur. scroll to continue with content dalam pasal 4 disebutkan penerima subsidi bunga terbagi menjadi dua kategori, yakni dari sisi penyediaan rumah dan permintaan rumah. besaran subsidi bunga untuk kedua kategori itu berbeda, angkanya mulai dari 5 persen. besaran subsidi bunga/subsidi margin kredit program perumahan untuk penerima kredit program perumahan sisi penyediaan rumah sebagaimana dimaksud dalam pasal 4 ayat 1 huruf a ditetapkan sebesar 5 persen efektif per tahun, tulis pasal 14 aturan tersebut, dikutip jumat 26/9/2025 . sementara itu, besaran subsidi bunga buat penerima kur perumahan dari sisi permintaan rumah tergantung pada plafon pinjaman. untuk plafon di atas rp 10 juta sampai rp 100 juta, subsidi bunga sebesar 10 persen. lalu, plafon di atas rp 100 juta hingga rp 500 juta sebesar 5,5 persen. sebelumnya diberitakan, kemenko perekonomian telah menerbitkan aturan tentang kur perumahan pada pertengahan agustus lalu. kementerian perumahan dan kawasan permukiman pkp juga sudah siap menerbitkan peraturan menteri soal kur perumahan. namun, pihaknya masih menunggu pengesahan dari kementerian keuangan. dari kami sudah selesai. kami dari menko sudah. kita menunggu dari menteri keuangan, kata menteri pkp maruarar sirait saat ditemui seusai rapat di aula gedung jusuf anwar, jakarta pusat, pada rabu 27/8/2025 . punya pertanyaan soal rumah, tanah atau properti lain detikproperti bisa bantu jawabin. pertanyaan bisa berkaitan dengan hukum, konstruksi, jual beli, pembiayaan, interior, eksterior atau permasalahan rumah lainnya. caranya gampang. kamu tinggal kirim pertanyaan dengan cara klik link ini video menkeu purbaya pilih genjot ekonomi tanpa tambah utang besar video menkeu purbaya pilih genjot ekonomi tanpa tambah utang besar",Kemenkeu,subsidi bunga KUR,positif,Pemerintah menerbitkan aturan subsidi bunga untuk mendukung program perumahan rakyat melalui perluasan akses kredit UMKM.,Purbaya Yudhi Sadewa|Menteri Keuangan,"dari kami sudah selesai. kami dari menko sudah. kita menunggu dari menteri keuangan, kata menteri PKP Maruarar Sirait saat ditemui seusai rapat di aula gedung Jusuf Anwar, Jakarta Pusat, pada Rabu 27/8/2025",0.9,2714
Irjen Yuda Gustawan Jadi Kabaintelkam Polri Gantikan Komjen Wiyagus,news.detik.com,https://news.detik.com/berita/d-8131357/irjen-yuda-gustawan-jadi-kabaintelkam-polri-gantikan-komjen-wiyagus,2025-09-26,Isu Nasional,"kapolri jenderal listyo sigit prabowo melakukan rotasi perwira tinggi polri. jenderal sigit menunjuk wakabaintelkam polri irjen yuda gustawan menjadi kabaintelkam polri menggantikan komjen akhmad wiyagus. mutasi ini tertuang dalam surat telegram nomor st/2134/ix/kep./2025 sesuai dengan keputusan kapolri nomor kep/1409/ix/2025. surat telegram ini ditandatangani as sdm polri irjen anwar pada 19 september 2025. irjen pol yuda gustawan wakabaintelkam polri diangkat dalam jabatan baru sebagai kabaintelkam polri, bunyi surat yang dilihat detikcom , jumat 26/9/2025 . scroll to continue with content irjen yuda menggantikan komjen akhmad wiyagus. komjen akhmad wiyagus dimutasi menjadi perwira tinggi baintelkam polri. kemudian posisi irjen yuda sebelumnya diisi oleh brigjen nanang rudi supriatna. sebelumnya, brigjen nanang menjabat sebagai dirsosbud baintelkam polri. brigjen nanang rudi supriatna dirsosbud baintelkam polri diangkat dalam jabatan baru sebagai wakabaintelkam polri, tulis surat tersebut.",Lainnya,rotasi polri,netral,Berita bersifat informatif tentang rotasi jabatan rutin tanpa mengandung unsur kritik atau pujian khusus,Jenderal Listyo Sigit Prabowo|Kapolri,,0.9,1006
Poin-Poin RUU BUMN: Jadi BP BUMN-Larang Menteri dan Wamen Rangkap Jabatan,news.detik.com,https://news.detik.com/berita/d-8131292/poin-poin-ruu-bumn-jadi-bp-bumn-larang-menteri-dan-wamen-rangkap-jabatan,2032-09-26,Isu Nasional,"ketua panja ruu bumn andre rosiade mengatakan terdapat 84 pasal yang diubah dalam ruu tentang perubahan keempat uu nomor 19 tahun 2003 tentang bumn. andre mengatakan poin-poin yang diubah di antaranya status kementerian bumn, hingga pelarangan rangkap jabatan menteri dan wakil menteri di bumn. hal itu disampaikan andre dalam rapat komisi vi dpr bersama pemerintah di kompleks parlemen, senayan, jakarta, jumat 26/9/2025 . hadir dalam rapat menteri hukum supratman andi agtas, menteri pan-rb rini widyantini. kami sampaikan bahwa secara substansi telah dilakukan perubahan terhadap 84 pasal dalam rancangan undang-undang ruu ini. jadi ada 84 pasal yang kita ubah dalam ruu ini, kata andre. scroll to continue with content andre mengatakan terdapat sejumlah pokok-pokok pikiran dalam ruu bumn. salah satunya, status kementerian bumn berubah menjadi bp bumn. jadi tadi namanya badan pengaturan bumn yang selanjutnya disebut bp bumn, kata andre. kemudian, dalam ruu itu juga mengatur pelarangan rangkap jabatan menteri dan wakil menteri. andre mengatakan larangan rangkap jabatan itu berlaku sejak putusan mk dibacakan. larangan rangkap jabatan untuk menteri dan wakil menteri pada direksi, komisaris dan dewan pengawas bumn sebagai tindak lanjut putusan mahkamah konstitusi nomor 128/puu-xxiii/2025, ujarnya. berikut daftar 11 pokok-pokok yang tertuang dalam ruu bumn 1. pengaturan terkait lembaga yang menyelenggarakan tugas pemerintahan di bidang bumn dengan nomenklatur badan pengaturan bumn yang selanjutnya disebut bp bumn. 2. menambah kewenangan peran bp bumn dalam mengoptimalkan peran bumn. 3. pengaturan dividen saham seri a dwi warna di kelola langsung oleh bp bumn atas persetujuan presiden 4. larangan rangkap jabatan untuk menteri dan wakil menteri pada direksi, komisaris dan dewan pengawas bumn sebagai tindak lanjut putusan mahkamah konstitusi nomor 128/puu-xxiii/2025. 5. menghapus ketentuan anggota direksi, anggota dewan komisaris dan dewan pengawas bukan merupakan penyelenggara negara. 6. kesetaraan gender bagi karyawan bumn yang menduduki jabatan direks, komisaris dan jabatan managerial di bumn. 7. perlakuan perpajakan atas transaksi yang melibatkan badan, holding operasional, holding investasi, atau pihak ketiga yang diatur dalam peraturan pemerintah. 8. mengatur pengecualian pengurusan bumn yang ditetapkan sebagai alat fiskal dari bp bumn. 9. pengaturan kewenangan pemeriksaan keuangan bumn oleh badan pemeriksa keuangan. 10. pengaturan mekanisme peralian dari kementerian bumn kepada bp bumn. 11. pengaturan jangka waktu rangkap jabatan menteri atau wakil menteri sebagai organ bumn sejak putusan mahkamah konstitusi diucapkan, serta pengaturan substansial lainnya.",Nasional,RUU BUMN,netral,Berita bersifat informatif tentang proses perubahan RUU BUMN tanpa nada dukungan atau kritik khusus,Andre Rosiade|Ketua Panja RUU BUMN,"""kami sampaikan bahwa secara substansi telah dilakukan perubahan terhadap 84 pasal dalam rancangan undang-undang ruu ini. jadi ada 84 pasal yang kita ubah dalam ruu ini""",0.9,2696
"KKB Bunuh 5 Pendulang Emas di Yahukimo, TNI-Polri Hendak Evakuasi Ditembaki",news.detik.com,https://news.detik.com/berita/d-8131285/kkb-bunuh-5-pendulang-emas-di-yahukimo-tni-polri-hendak-evakuasi-ditembaki,2033-09-26,Isu Nasional,"kelompok kriminal bersenjata kkb pimpinan elkius kobak membunuh lima pendulang emas di kabupaten yahukimo, papua pegunungan, dalam dua hari berturut-turut. elkius kobak cs juga menembaki aparat tni dan polri yang hendak mengevakuasi jenazah korban. kkb awalnya membunuh dua pendulang emas di jalan poros kampung bingki, distrik seradala pada minggu 20/9 sekitar pukul 19.00 wit. kkb kembali menyerang para pendulang emas itu dan menewaskan tiga orang di camp kali kulum pada senin 21/9 . penyelidikan mendalam menyusul aksi kekerasan yang menewaskan 5 warga sipil oleh kkb pimpinan elkius kobak di distrik seradala. kejadian berlangsung dalam dua hari, kata kepala operasi damai cartenz, brigjen faizal ramadhani dilansir detiksulsel , rabu 25/9/2025 . scroll to continue with content faizal menuturkan para pendulang emas itu sempat ingin menyelamatkan diri setelah kkb menyerang. namun kondisi cuaca yang buruk membuat para pendulang emas itu bertahan di camp kali kulum. dia mengaku belum dapat memastikan jumlah korban tewas dalam serangan kkb tersebut. polisi juga belum mengetahui identitas para korban karena belum sampai ke tempat kejadian perkara tkp . sampai sekarang kami belum sampai tkp. kemarin kami sudah coba datang, tetapi ada kontak tembak yang tidak memungkinkan kami untuk melanjutkan perjalanan, jelasnya. baca berita selengkapnya di sini.",Lainnya,kekerasan,negatif,Berita mengangkat aksi kekerasan yang menewaskan 5 warga sipil dan penembakan terhadap aparat keamanan oleh kelompok kriminal bersenjata.,"Elkius Kobak|Pimpinan KKB, Brigjen Faizal Ramadhani|Kepala Operasi Damai Cartenz","sampai sekarang kami belum sampai tkp. kemarin kami sudah coba datang, tetapi ada kontak tembak yang tidak memungkinkan kami untuk melanjutkan perjalanan",0.9,1360
"Jelang Muktamar X PPP, Pencalonan Agus Suparmanto Jadi Ketum Tuai Kritikan",news.detik.com,https://news.detik.com/berita/d-8131277/jelang-muktamar-x-ppp-pencalonan-agus-suparmanto-jadi-ketum-tuai-kritikan,2041-09-26,Isu Nasional,"menjelang muktamar x partai persatuan pembangunan ppp yang dijadwalkan pada 27-29 september 2025, pencalonan agus suparmanto sebagai calon ketua umum menuai kritik. mantan menteri perdagangan ri 2019-2020 itu dinilai melukai perjuangan kader internal partai. pencalonan pak agus suparmanto terus terang menciderai perjuangan kami kader-kader ppp yang memulai karir dari bawah, bukan itu saja terlebih pak agus adalah kader pkb dan belum pernah menduduki setidaknya jabatan di partai persatuan pembangunan, ujar ketua umum gerakan pemuda ka bah gpk sekaligus ketua dpw ppp sulawesi selatan, imam fauzan amir uskara dalam keterangannya, jumat 26/9/2025 . scroll to continue with content ia menilai ppp seharusnya berfokus pada transformasi partai jika ingin kembali bangkit pada pemilu 2029. partai persatuan pembangunan jika ingin kembali bangkit 2029 seharusnya fokus pada upaya transformasi, bukan semata menghalalkan segala cara sampai melanggar ad/art demi menjadi kandidat ketua umum ppp, tambahnya. sebagai informasi, pencalonan agus sendiri digawangi oleh ketua majelis pertimbangan ppp, romahurmuziy. hingga dua hari menjelang kegiatan ini, bursa calon ketua umum diisi dua nama, yakni plt ketum ppp muhamad mardiono dan agus suparmanto.",Lainnya,politik partai,negatif,Artikel berisi kritik tajam terhadap pencalonan Agus Suparmanto sebagai calon ketua umum PPP yang dinilai melukai perjuangan kader internal partai dan melanggar AD/ART.,Imam Fauzan Amir Uskara|Ketua Umum Gerakan Pemuda Ka'bah GPK sekaligus Ketua DPW PPP Sulawesi Selatan,"""pencalonan pak agus suparmanto terus terang menciderai perjuangan kami kader-kader ppp yang memulai karir dari bawah, bukan itu saja terlebih pak agus adalah kader pkb dan belum pernah menduduki setidaknya jabatan di partai persatuan pembangunan""",0.9,1244
"Di Sela-sela Sidang PBB, Menlu Tegaskan RI Dukung Penuh UNRWA",news.detik.com,https://news.detik.com/berita/d-8131260/di-sela-sela-sidang-pbb-menlu-tegaskan-ri-dukung-penuh-unrwa,2046-09-26,Isu Internasional,"menteri luar negeri menlu ri sugiono menegaskan bahwa indonesia mendukung penuh united nations relief and works agency for palestine refugees in the near east unrwa . hal ini ia tegaskan dalam pertemuan tingkat tinggi menteri mengenai unrwa yang berlangsung di sela-sela sidang majelis umum pbb ke-80. dilansir dari keterangan resmi kemlu, jumat 26/9/2025 , sugiono menekankan bahwa peran unrwa sangat vital dan tak tergantikan bagi jutaan pengungsi palestina. yakni khususnya di tengah situasi krisis kemanusiaan yang masih berlangsung di gaza. scroll to continue with content lalu, ia juga menyampaikan keprihatinan mendalam atas tantangan besar yang kini dihadapi unrwa. termasuk tekanan politik, kekurangan pendanaan, serta upaya untuk mendelegitimasi mandatnya. oleh karenanya, indonesia menurut menlu sugiono, akan terus mendukung penuh pembaruan mandat unrwa. dukungan politik terhadap unrwa bukanlah pilihan, melainkan suatu keharusan, tegas sugiono. lebih lanjut, sugiono juga menambahkan bahwa indonesia akan terus memberikan dukungan finansial bagi unrwa, termasuk melalui mekanisme inovatif.",Nasional,dukungan kemanusiaan,positif,"Berita menyampaikan dukungan penuh Indonesia terhadap UNRWA dan komitmen memberikan bantuan finansial, menunjukkan sikap proaktif dan mendukung dalam isu kemanusiaan.",Sugiono|Menteri Luar Negeri RI,"dukungan politik terhadap unrwa bukanlah pilihan, melainkan suatu keharusan",0.9,1103
CEK FAKTA: Purbaya Minta Rakyat Sumbang bila Ingin Ekonomi Maju?,www.idntimes.com,https://www.idntimes.com/business/economy/cek-fakta-purbaya-minta-rakyat-sumbang-bila-ingin-ekonomi-maju-00-rgfwk-qn0ffz,2025-09-26,Isu Kemenkeu,"cek fakta purbaya minta rakyat sumbang bila ingin ekonomi maju - faktanya tidak benarjudul asli artikel gelora news adalah menkeu purbaya minta maaf, akui salah ngomong soal tuntutan 17 8 . judul tangkapan layar tersebut hoaks. - purbaya jelaskan kekeliruannyamenkeu purbaya menjelaskan kekeliruannya terkait tuntutan 17 8 berasal dari sebagian rakyat kecil dan meminta maaf atas pernyataannya. - jangan mudah percaya tangkapan layar artikelcek artikel aslinya di mesin pencarian untuk menghindari informasi menyesatkan yang beredar di media sosial. jakarta, idn times - beredar di media sosial tangkapan layar artikel dengan judul menkeu purbaya meminta rakyat menyumbang bila ingin ekonomi maju . artikel tersebut disebutkan berasal dari gelora news dan diunggah pada 9/9/2025 . idn times menelusuri kebenaran dari artikel tersebut. sehingga, didapat narasi judul pada tangkapan layar tersebut sudah diubah. 1. faktanya tidak benar judul asli pada artikel gelora news yang diunggah pada 9/9 , yakni menkeu purbaya minta maaf, akui salah ngomong soal tuntutan 17 8 . sehingga, judul pada tangkapan layar yang ditulis pada paragraf pertama tidak benar alias hoaks. 2. purbaya jelaskan soal kekeliruannya pada artikel aslinya, menkeu purbaya menjelaskan, kekeliruannya dalam membuat pernyataan terkait tuntutan 17 8 hanya berasal dari sebagian rakyat kecil. pernyataan ini yang membuat publik geram. purbaya kemudian meminta maaf dan menyebut pernyataannya itu sebuah kesalahan. ini kan saya masih pejabat baru di sini, menterinya juga menteri kagetan. jadi kalau ngomong, kalau kata ibu sri mulyani gayanya koboi. waktu di lps sih ga ada yg monitor, jadi saya tenang. ternyata di keuangan beda bu, salah ngomong langsung dipelintir sana sini. jadi kemarin kalau ada kesalahan saya mohon maaf dan ke depan akan lebih baik lagi, tutur purbaya kepada awak media usai serah terima jabatan sertijab dengan sri mulyani di aula mezanin gedung djuanda i kemenkeu, selasa 9/9/2025 . 3. jangan mudah percaya tangkapan layar artikel bagi sobat millenial dan gen z, jangan mudah percaya tangkap layar artikel yang beredar di media sosial. cek artikel aslinya di mesin pencarian. dengan mengecek sumber aslinya, kamu akan terhindar dari informasi yang menyesatkan.",Kemenkeu,klarifikasi berita,netral,"Artikel berisi klarifikasi atas berita hoaks tanpa menunjukkan dukungan atau kritik terhadap kebijakan, hanya menjelaskan fakta sebenarnya.",Purbaya|Menteri Keuangan,"""ini kan saya masih pejabat baru di sini, menterinya juga menteri kagetan. jadi kalau ngomong, kalau kata ibu sri mulyani gayanya koboi. waktu di lps sih ga ada yg monitor, jadi saya tenang. ternyata di keuangan beda bu, salah ngomong langsung dipelintir sana sini. jadi kemarin kalau ada kesalahan saya mohon maaf dan ke depan akan lebih baik lagi""",0.9,2251
