judul_berita,url_berita,keyword,page,tanggal_berita,published_at,scraped_at
Keluar,https://connect.detik.com/oauth/signout?redirectUrl=https%3A%2F%2Fwww.cnnindonesia.com%2Ftag%2Fpurbaya,purbaya,1,2025-09-29 09:32:06.552070,,2025-09-29 09:32:06.552070+07:00
DAFTAR,https://connect.detik.com/accounts/register?clientId=10027&redirectUrl=https%3A%2F%2Fwww.cnnindonesia.com%2Fauthorize&backURL=https%3A%2F%2Fwww.cnnindonesia.com%2Ftag%2Fpurbaya&ui=apps&osType=ANDROID,purbaya,1,2025-09-29 09:32:06.598476,,2025-09-29 09:32:06.598476+07:00
Politik,https://www.cnnindonesia.com/nasional/politik,purbaya,1,2025-09-29 09:32:06.734374,,2025-09-29 09:32:06.734374+07:00
Hukum & Kriminal,https://www.cnnindonesia.com/nasional/hukum-kriminal,purbaya,1,2025-09-29 09:32:06.807830,,2025-09-29 09:32:06.807830+07:00
Peristiwa,https://www.cnnindonesia.com/nasional/peristiwa,purbaya,1,2025-09-29 09:32:06.969751,,2025-09-29 09:32:06.969751+07:00
Pemilu,https://www.cnnindonesia.com/nasional/pemilu,purbaya,1,2025-09-29 09:32:07.094142,,2025-09-29 09:32:07.094142+07:00
Info Politik,https://www.cnnindonesia.com/nasional/info-politik,purbaya,1,2025-09-29 09:32:07.232659,,2025-09-29 09:32:07.232659+07:00
Asia Pasifik,https://www.cnnindonesia.com/internasional/asia-pasifik,purbaya,1,2025-09-29 09:32:07.439193,,2025-09-29 09:32:07.439193+07:00
Timur Tengah,https://www.cnnindonesia.com/internasional/timur-tengah,purbaya,1,2025-09-29 09:32:07.548930,,2025-09-29 09:32:07.548930+07:00
Eropa Amerika,https://www.cnnindonesia.com/internasional/eropa-amerika,purbaya,1,2025-09-29 09:32:07.682984,,2025-09-29 09:32:07.682984+07:00
Keuangan,https://www.cnnindonesia.com/ekonomi/keuangan,purbaya,1,2025-09-29 09:32:07.837396,,2025-09-29 09:32:07.837396+07:00
Energi,https://www.cnnindonesia.com/ekonomi/energi,purbaya,1,2025-09-29 09:32:07.969876,,2025-09-29 09:32:07.969876+07:00
Bisnis,https://www.cnnindonesia.com/ekonomi/bisnis,purbaya,1,2025-09-29 09:32:08.066997,,2025-09-29 09:32:08.066997+07:00
Corporate Action,https://www.cnnindonesia.com/ekonomi/corporate-action,purbaya,1,2025-09-29 09:32:08.210562,,2025-09-29 09:32:08.210562+07:00
Sepakbola,https://www.cnnindonesia.com/olahraga/sepakbola,purbaya,1,2025-09-29 09:32:08.291177,,2025-09-29 09:32:08.291177+07:00
Moto GP,https://www.cnnindonesia.com/olahraga/moto-gp,purbaya,1,2025-09-29 09:32:08.508751,,2025-09-29 09:32:08.508751+07:00
Teknologi Informasi,https://www.cnnindonesia.com/teknologi/teknologi-informasi,purbaya,1,2025-09-29 09:32:08.797219,,2025-09-29 09:32:08.797219+07:00
Telekomunikasi,https://www.cnnindonesia.com/teknologi/telekomunikasi,purbaya,1,2025-09-29 09:32:08.901265,,2025-09-29 09:32:08.901265+07:00
Climate,https://www.cnnindonesia.com/teknologi/climate,purbaya,1,2025-09-29 09:32:09.071675,,2025-09-29 09:32:09.071675+07:00
E-Vehicle,https://www.cnnindonesia.com/otomotif/e-vehicle,purbaya,1,2025-09-29 09:32:09.263324,,2025-09-29 09:32:09.263324+07:00
Commercial,https://www.cnnindonesia.com/otomotif/commercial,purbaya,1,2025-09-29 09:32:09.401767,,2025-09-29 09:32:09.401767+07:00
Info Otomotif,https://www.cnnindonesia.com/otomotif/info-otomotif,purbaya,1,2025-09-29 09:32:09.524290,,2025-09-29 09:32:09.524290+07:00
Seni Budaya,https://www.cnnindonesia.com/hiburan/seni-budaya,purbaya,1,2025-09-29 09:32:09.688654,,2025-09-29 09:32:09.688654+07:00
Health,https://www.cnnindonesia.com/gaya-hidup/health,purbaya,1,2025-09-29 09:32:09.840660,,2025-09-29 09:32:09.840660+07:00
Travel,https://www.cnnindonesia.com/gaya-hidup/travel,purbaya,1,2025-09-29 09:32:09.971390,,2025-09-29 09:32:09.971390+07:00
Trends,https://www.cnnindonesia.com/gaya-hidup/trends,purbaya,1,2025-09-29 09:32:10.156204,,2025-09-29 09:32:10.156204+07:00
Purbaya Ancam Ambil Alih Uang Pemda yang Masih Nganggur Ekonomi • 3 hari yang lalu,https://www.cnnindonesia.com/ekonomi/20250925180050-532-1277772/purbaya-ancam-ambil-alih-uang-pemda-yang-masih-nganggur,purbaya,1,2025-09-25 19:37:33.000000,2025-09-25 19:37:33+07:00,2025-09-29 09:32:10.308153+07:00
"Luhut: Program MBG Bagus, Tinggal Pengelolaan yang Tertib Ekonomi • 3 hari yang lalu",https://www.cnnindonesia.com/ekonomi/20250925100133-532-1277517/luhut-program-mbg-bagus-tinggal-pengelolaan-yang-tertib,purbaya,1,2025-09-25 17:51:44.000000,2025-09-25 17:51:44+07:00,2025-09-29 09:32:10.433981+07:00
Purbaya Optimistis Mimpi Prabowo Defisit APBN 0 Persen Bisa Terwujud Ekonomi • 5 hari yang lalu,https://www.cnnindonesia.com/ekonomi/20250923163703-532-1276872/purbaya-optimistis-mimpi-prabowo-defisit-apbn-0-persen-bisa-terwujud,purbaya,1,2025-09-23 17:15:17.000000,2025-09-23 17:15:17+07:00,2025-09-29 09:32:10.636123+07:00
Purbaya Pede Bisa Genjot Ekonomi RI Lebih Cepat Tanpa Tambah Utang Ekonomi • 5 hari yang lalu,https://www.cnnindonesia.com/ekonomi/20250923142814-532-1276800/purbaya-pede-bisa-genjot-ekonomi-ri-lebih-cepat-tanpa-tambah-utang,purbaya,1,2025-09-23 15:18:00.000000,2025-09-23 15:18:00+07:00,2025-09-29 09:32:10.767038+07:00
"Purbaya Tegaskan Data Ekonomi RI Tumbuh 5,12 Persen Bukan Manipulasi Ekonomi • 6 hari yang lalu",https://www.cnnindonesia.com/ekonomi/20250922162321-532-1276432/purbaya-tegaskan-data-ekonomi-ri-tumbuh-512-persen-bukan-manipulasi,purbaya,1,2025-09-22 19:30:38.000000,2025-09-22 19:30:38+07:00,2025-09-29 09:32:10.947110+07:00
"Purbaya Panggil Tokopedia Cs, Larang Jual Rokok Ilegal Mulai 1 Oktober Ekonomi • 6 hari yang lalu",https://www.cnnindonesia.com/ekonomi/20250922174710-532-1276471/purbaya-panggil-tokopedia-cs-larang-jual-rokok-ilegal-mulai-1-oktober,purbaya,1,2025-09-22 18:15:49.000000,2025-09-22 18:15:49+07:00,2025-09-29 09:32:11.110153+07:00
Purbaya Ancam Sikat Oknum Bea Cukai Terlibat Peredaran Rokok Ilegal Ekonomi • 6 hari yang lalu,https://www.cnnindonesia.com/ekonomi/20250922153320-532-1276410/purbaya-ancam-sikat-oknum-bea-cukai-terlibat-peredaran-rokok-ilegal,purbaya,1,2025-09-22 16:28:44.000000,2025-09-22 16:28:44+07:00,2025-09-29 09:32:11.251642+07:00
Menkeu Purbaya soal Satgas BLBI: Kalau Cuma Buat Keributan Enggak Usah Ekonomi • 1 minggu yang lalu,https://www.cnnindonesia.com/ekonomi/20250920072756-532-1275700/menkeu-purbaya-soal-satgas-blbi-kalau-cuma-buat-keributan-enggak-usah,purbaya,1,2025-09-20 07:50:00.000000,2025-09-20 07:50:00+07:00,2025-09-29 09:32:11.478264+07:00
Purbaya Tegas Tolak Tax Amnesty Jilid III: Beri Sinyal Boleh Melanggar Ekonomi • 1 minggu yang lalu,https://www.cnnindonesia.com/ekonomi/20250919140705-532-1275476/purbaya-tegas-tolak-tax-amnesty-jilid-iii-beri-sinyal-boleh-melanggar,purbaya,1,2025-09-19 14:21:32.000000,2025-09-19 14:21:32+07:00,2025-09-29 09:32:11.828372+07:00
"Purbaya soal Gugatan Tutut Soeharto: Sudah Dicabut, Beliau Kirim Salam Ekonomi • 1 minggu yang lalu",https://www.cnnindonesia.com/ekonomi/20250918151932-532-1275123/purbaya-soal-gugatan-tutut-soeharto-sudah-dicabut-beliau-kirim-salam,purbaya,1,2025-09-18 15:41:16.000000,2025-09-18 15:41:16+07:00,2025-09-29 09:32:11.959810+07:00
"Purbaya: Yang Takut RI Gelap, Jangan Khawatir, Sebentar Lagi Terang Ekonomi • 1 minggu yang lalu",https://www.cnnindonesia.com/ekonomi/20250917122423-532-1274591/purbaya-yang-takut-ri-gelap-jangan-khawatir-sebentar-lagi-terang,purbaya,2,2025-09-17 12:39:25.000000,2025-09-17 12:39:25+07:00,2025-09-29 09:32:16.831178+07:00
Purbaya Bersuara Saat Kebijakannya Dibandingkan dengan Sri Mulyani Ekonomi • 1 minggu yang lalu,https://www.cnnindonesia.com/ekonomi/20250917103601-532-1274537/purbaya-bersuara-saat-kebijakannya-dibandingkan-dengan-sri-mulyani,purbaya,2,2025-09-17 10:50:07.000000,2025-09-17 10:50:07+07:00,2025-09-29 09:32:16.995634+07:00
"01:59 VIDEO: Purbaya: Dirut Bank Himbara Pusing, Saya Suruh Mereka Mikir TV • 1 minggu yang lalu",https://www.cnnindonesia.com/tv/20250916111325-400-1274175/video-purbaya-dirut-bank-himbara-pusing-saya-suruh-mereka-mikir,purbaya,2,2025-09-16 11:15:45.000000,2025-09-16 11:15:45+07:00,2025-09-29 09:32:17.145911+07:00
Purbaya Pede Defisit APBN Tak Melebar Gara-gara Stimulus Ekonomi Ekonomi • 1 minggu yang lalu,https://www.cnnindonesia.com/ekonomi/20250915175909-532-1273968/purbaya-pede-defisit-apbn-tak-melebar-gara-gara-stimulus-ekonomi,purbaya,2,2025-09-15 21:00:45.000000,2025-09-15 21:00:45+07:00,2025-09-29 09:32:17.325264+07:00
Purbaya Sebut Ada Bank Ngaku Tak Sanggup Serap Uang Pemerintah Rp200 T Ekonomi • 1 minggu yang lalu,https://www.cnnindonesia.com/ekonomi/20250915183126-532-1273985/purbaya-sebut-ada-bank-ngaku-tak-sanggup-serap-uang-pemerintah-rp200-t,purbaya,2,2025-09-15 19:04:47.000000,2025-09-15 19:04:47+07:00,2025-09-29 09:32:18.253605+07:00
"Purbaya Guyur Bank Rp200 T, Zulhas Singgung Jatah Kopdes Merah Putih Ekonomi • 1 minggu yang lalu",https://www.cnnindonesia.com/ekonomi/20250915134736-92-1273846/purbaya-guyur-bank-rp200-t-zulhas-singgung-jatah-kopdes-merah-putih,purbaya,2,2025-09-15 19:03:22.000000,2025-09-15 19:03:22+07:00,2025-09-29 09:32:18.534112+07:00
05:08 VIDEO: Menanti Penyerapan Dana Suntikan Rp.200 Triliun TV • 2 minggu yang lalu,https://www.cnnindonesia.com/tv/20250914132720-404-1273533/video-menanti-penyerapan-dana-suntikan-rp200-triliun,purbaya,2,2025-09-14 13:53:17.000000,2025-09-14 13:53:17+07:00,2025-09-29 09:32:18.675009+07:00
"Bank Himbara Dapat Suntikan Rp200 T, untuk Apa? Ekonomi • 2 minggu yang lalu",https://www.cnnindonesia.com/ekonomi/20250912173110-532-1273102/bank-himbara-dapat-suntikan-rp200-t-untuk-apa,purbaya,2,2025-09-13 08:10:08.000000,2025-09-13 08:10:08+07:00,2025-09-29 09:32:18.819727+07:00
Purbaya Akan Naikkan Jatah Anggaran Daerah Usai PBB Naik Selangit Ekonomi • 2 minggu yang lalu,https://www.cnnindonesia.com/ekonomi/20250911185023-532-1272721/purbaya-akan-naikkan-jatah-anggaran-daerah-usai-pbb-naik-selangit,purbaya,2,2025-09-11 19:22:47.000000,2025-09-11 19:22:47+07:00,2025-09-29 09:32:19.270122+07:00
Apa Efek Jika Purbaya Sebar Dana Pemerintah Rp200 T di BI ke Bank? Ekonomi • 2 minggu yang lalu,https://www.cnnindonesia.com/ekonomi/20250911111354-532-1272488/apa-efek-jika-purbaya-sebar-dana-pemerintah-rp200-t-di-bi-ke-bank,purbaya,2,2025-09-11 12:07:47.000000,2025-09-11 12:07:47+07:00,2025-09-29 09:32:19.734971+07:00
04:19 VIDEO: Rapat Perdana Menkeu Purbaya Dicecar Komisi XI DPR TV • 2 minggu yang lalu,https://www.cnnindonesia.com/tv/20250911092357-400-1272431/video-rapat-perdana-menkeu-purbaya-dicecar-komisi-xi-dpr,purbaya,3,2025-09-11 09:26:30.000000,2025-09-11 09:26:30+07:00,2025-09-29 09:32:25.835944+07:00
"Serapan Anggaran Rendah, Purbaya Minta Bos BGN Jumpa Pers Tiap Bulan Ekonomi • 2 minggu yang lalu",https://www.cnnindonesia.com/ekonomi/20250910180046-532-1272257/serapan-anggaran-rendah-purbaya-minta-bos-bgn-jumpa-pers-tiap-bulan,purbaya,3,2025-09-10 20:20:40.000000,2025-09-10 20:20:40+07:00,2025-09-29 09:32:25.995088+07:00
00:55 VIDEO: Purbaya Tanya Balik DPR soal Warisan Masalah Fiskal dan Moneter Ekonomi • 2 minggu yang lalu,https://www.cnnindonesia.com/ekonomi/20250910175630-536-1272255/video-purbaya-tanya-balik-dpr-soal-warisan-masalah-fiskal-dan-moneter,purbaya,3,2025-09-10 18:16:44.000000,2025-09-10 18:16:44+07:00,2025-09-29 09:32:26.206415+07:00
Purbaya Sebut Rp425 T Mengendap di BI: Makanya Orang Susah Cari Kerja Ekonomi • 2 minggu yang lalu,https://www.cnnindonesia.com/ekonomi/20250910160549-532-1272212/purbaya-sebut-rp425-t-mengendap-di-bi-makanya-orang-susah-cari-kerja,purbaya,3,2025-09-10 17:02:00.000000,2025-09-10 17:02:00+07:00,2025-09-29 09:32:26.357742+07:00
"MBG di SMAN 1 Tulungagung Dihentikan Tiba-tiba, Penyebab Tak Diketahui Nasional • 5 menit yang lalu",https://www.cnnindonesia.com/nasional/20250929085242-20-1278714/mbg-di-sman-1-tulungagung-dihentikan-tiba-tiba-penyebab-tak-diketahui,mbg,1,2025-09-29 09:18:40.000000,2025-09-29 09:18:40+07:00,2025-09-29 09:32:30.453241+07:00
BGN Tegaskan Pemerintah Tanggung Biaya Pasien Keracunan MBG Ekonomi • 11 menit yang lalu,https://www.cnnindonesia.com/ekonomi/20250929090331-92-1278712/bgn-tegaskan-pemerintah-tanggung-biaya-pasien-keracunan-mbg,mbg,1,2025-09-29 09:12:07.000000,2025-09-29 09:12:07+07:00,2025-09-29 09:32:30.590040+07:00
03:35 VIDEO: Poin-poin Hasil Rapat Penanggulangan Keracunan MBG TV • 52 menit yang lalu,https://www.cnnindonesia.com/tv/20250929082856-400-1278707/video-poin-poin-hasil-rapat-penanggulangan-keracunan-mbg,mbg,1,2025-09-29 08:31:31.000000,2025-09-29 08:31:31+07:00,2025-09-29 09:32:30.698468+07:00
Siswa Diduga Keracunan hingga 4 Sekolah Tolak MBG Bau di Jember Nasional • 1 jam yang lalu,https://www.cnnindonesia.com/nasional/20250929070533-20-1278692/siswa-diduga-keracunan-hingga-4-sekolah-tolak-mbg-bau-di-jember,mbg,1,2025-09-29 07:43:01.000000,2025-09-29 07:43:01+07:00,2025-09-29 09:32:30.910698+07:00
Respons Purbaya soal BGN Minta Tambah Anggaran MBG Rp28 T Ekonomi • 1 jam yang lalu,https://www.cnnindonesia.com/ekonomi/20250929071153-532-1278693/respons-purbaya-soal-bgn-minta-tambah-anggaran-mbg-rp28-t,mbg,1,2025-09-29 07:25:53.000000,2025-09-29 07:25:53+07:00,2025-09-29 09:32:31.034102+07:00
Poin-poin Hasil Rapat Penanggulangan Keracunan MBG Nasional • 2 jam yang lalu,https://www.cnnindonesia.com/nasional/20250928191547-20-1278640/poin-poin-hasil-rapat-penanggulangan-keracunan-mbg,mbg,1,2025-09-29 07:10:27.000000,2025-09-29 07:10:27+07:00,2025-09-29 09:32:31.168995+07:00
Istana Cabut Kartu Jurnalis CNN Indonesia Usai Tanya MBG ke Prabowo Nasional • 2 jam yang lalu,https://www.cnnindonesia.com/nasional/20250929061312-20-1278685/istana-cabut-kartu-jurnalis-cnn-indonesia-usai-tanya-mbg-ke-prabowo,mbg,1,2025-09-29 07:02:03.000000,2025-09-29 07:02:03+07:00,2025-09-29 09:32:31.380264+07:00
"Prabowo Panggil Menteri ke Kertanegara Minggu Malam, Bahas MBG-Pangan Nasional • 10 jam yang lalu",https://www.cnnindonesia.com/nasional/20250928223005-32-1278654/prabowo-panggil-menteri-ke-kertanegara-minggu-malam-bahas-mbg-pangan,mbg,1,2025-09-28 22:37:35.000000,2025-09-28 22:37:35+07:00,2025-09-29 09:32:31.515880+07:00
Kemenkes Bakal Kerahkan Ahli Gizi Pantau Program MBG Nasional • 14 jam yang lalu,https://www.cnnindonesia.com/nasional/20250928183036-20-1278632/kemenkes-bakal-kerahkan-ahli-gizi-pantau-program-mbg,mbg,1,2025-09-28 18:44:43.000000,2025-09-28 18:44:43+07:00,2025-09-29 09:32:31.629810+07:00
Menkes Sebut Standar Dapur dan Kontrol Bahan MBG Bakal Diperketat Nasional • 16 jam yang lalu,https://www.cnnindonesia.com/nasional/20250928165705-20-1278607/menkes-sebut-standar-dapur-dan-kontrol-bahan-mbg-bakal-diperketat,mbg,1,2025-09-28 17:20:49.000000,2025-09-28 17:20:49+07:00,2025-09-29 09:32:31.739699+07:00
01:56 VIDEO: Prabowo Instruksikan Investigasi-Penutupan SPPG MBG Bermasalah Nasional • 17 jam yang lalu,https://www.cnnindonesia.com/nasional/20250928154704-24-1278598/video-prabowo-instruksikan-investigasi-penutupan-sppg-mbg-bermasalah,mbg,2,2025-09-28 16:20:37.000000,2025-09-28 16:20:37+07:00,2025-09-29 09:32:37.091787+07:00
"01:36 VIDEO: DItanya Jurnalis CNN Soal MBG, Prabowo Langsung Balik Lagi TV • 17 jam yang lalu",https://www.cnnindonesia.com/tv/20250928155057-404-1278599/video-ditanya-jurnalis-cnn-soal-mbg-prabowo-langsung-balik-lagi,mbg,2,2025-09-28 16:05:33.000000,2025-09-28 16:05:33+07:00,2025-09-29 09:32:37.219687+07:00
Bos BGN Lapor Prabowo Penyebab Marak Kasus Keracunan MBG Ekonomi • 17 jam yang lalu,https://www.cnnindonesia.com/ekonomi/20250928153947-92-1278597/bos-bgn-lapor-prabowo-penyebab-marak-kasus-keracunan-mbg,mbg,2,2025-09-28 15:50:56.000000,2025-09-28 15:50:56+07:00,2025-09-29 09:32:37.335039+07:00
"01:57 VIDEO: Siswa SD Tolak Makan Bergizi Gratis, Ulat Ditemukan di Menu MBG TV • 19 jam yang lalu",https://www.cnnindonesia.com/tv/20250928132509-404-1278536/video-siswa-sd-tolak-makan-bergizi-gratis-ulat-ditemukan-di-menu-mbg,mbg,2,2025-09-28 13:55:32.000000,2025-09-28 13:55:32+07:00,2025-09-29 09:32:37.505609+07:00
02:36 VIDEO: DPR Soroti Dugaan Mafia di Balik Program Makan Bergizi Gratis TV • 23 jam yang lalu,https://www.cnnindonesia.com/tv/20250928091714-404-1278493/video-dpr-soroti-dugaan-mafia-di-balik-program-makan-bergizi-gratis,mbg,2,2025-09-28 10:19:30.000000,2025-09-28 10:19:30+07:00,2025-09-29 09:32:37.617990+07:00
"Ribuan Kasus Keracunan MBG, Dokter Gizi Soroti Masalah Kebersihan Gaya Hidup • 1 hari yang lalu",https://www.cnnindonesia.com/gaya-hidup/20250925134544-255-1277617/ribuan-kasus-keracunan-mbg-dokter-gizi-soroti-masalah-kebersihan,mbg,2,2025-09-27 19:30:43.000000,2025-09-27 19:30:43+07:00,2025-09-29 09:32:37.732585+07:00
"01:18 VIDEO: Prabowo Sebut Keracunan MBG Masalah Besar, Panggil Kepala BGN Nasional • 1 hari yang lalu",https://www.cnnindonesia.com/nasional/20250927161919-24-1278403/video-prabowo-sebut-keracunan-mbg-masalah-besar-panggil-kepala-bgn,mbg,2,2025-09-27 16:55:22.000000,2025-09-27 16:55:22+07:00,2025-09-29 09:32:37.835424+07:00
"MBG Telan Rp1,2 T per Hari Mulai Tahun Depan Ekonomi • 1 hari yang lalu",https://www.cnnindonesia.com/ekonomi/20250926202814-92-1278234/mbg-telan-rp12-t-per-hari-mulai-tahun-depan,mbg,2,2025-09-27 14:30:10.000000,2025-09-27 14:30:10+07:00,2025-09-29 09:32:37.990725+07:00
04:29 VIDEO: Penyajian MBG Untuk Anak Terlantar Bisa Jadi Contoh TV • 1 hari yang lalu,https://www.cnnindonesia.com/tv/20250927104127-404-1278307/video-penyajian-mbg-untuk-anak-terlantar-bisa-jadi-contoh,mbg,2,2025-09-27 13:54:15.000000,2025-09-27 13:54:15+07:00,2025-09-29 09:32:38.237170+07:00
"03:18 VIDEO: Kasus Keracunan MBG, IDAI Beri Tips Pencegahan dan Penanganan TV • 1 hari yang lalu",https://www.cnnindonesia.com/tv/20250926212258-404-1278248/video-kasus-keracunan-mbg-idai-beri-tips-pencegahan-dan-penanganan,mbg,2,2025-09-27 11:32:58.000000,2025-09-27 11:32:58+07:00,2025-09-29 09:32:38.378669+07:00
Keluar,https://connect.detik.com/oauth/signout?redirectUrl=https%3A%2F%2Fwww.cnnindonesia.com%2Ftag%2Fmbg%3Fpage%3D3,mbg,3,2025-09-29 09:32:39.969942,,2025-09-29 09:32:39.969942+07:00
DAFTAR,https://connect.detik.com/accounts/register?clientId=10027&redirectUrl=https%3A%2F%2Fwww.cnnindonesia.com%2Fauthorize&backURL=https%3A%2F%2Fwww.cnnindonesia.com%2Ftag%2Fmbg%3Fpage%3D3&ui=apps&osType=ANDROID,mbg,3,2025-09-29 09:32:40.055755,,2025-09-29 09:32:40.055755+07:00
Cerita Kepala Sekolah Diminta Teken Surat Rahasiakan Keracunan MBG Nasional • 1 hari yang lalu,https://www.cnnindonesia.com/nasional/20250927100421-20-1278291/cerita-kepala-sekolah-diminta-teken-surat-rahasiakan-keracunan-mbg,mbg,3,2025-09-27 10:35:55.000000,2025-09-27 10:35:55+07:00,2025-09-29 09:32:43.449452+07:00
01:29 VIDEO: Purnawirawan TNI Dominasi Pejabat Badan Gizi Nasional TV • 1 hari yang lalu,https://www.cnnindonesia.com/tv/20250926212301-404-1278250/video-purnawirawan-tni-dominasi-pejabat-badan-gizi-nasional,mbg,3,2025-09-27 10:33:01.000000,2025-09-27 10:33:01+07:00,2025-09-29 09:32:43.589064+07:00
Purbaya Bakal Kerahkan Anak Buah Kawal MBG Ekonomi • 1 hari yang lalu,https://www.cnnindonesia.com/ekonomi/20250926203850-532-1278235/purbaya-bakal-kerahkan-anak-buah-kawal-mbg,mbg,3,2025-09-27 10:10:46.000000,2025-09-27 10:10:46+07:00,2025-09-29 09:32:43.743824+07:00
7 Daerah yang Alami Keracunan MBG Versi BGN Nasional • 2 hari yang lalu,https://www.cnnindonesia.com/nasional/20250927081552-20-1278281/7-daerah-yang-alami-keracunan-mbg-versi-bgn,mbg,3,2025-09-27 08:30:36.000000,2025-09-27 08:30:36+07:00,2025-09-29 09:32:43.939044+07:00
04:57 VIDEO: Penyebab Keracunan MBG Bakal Dipidana TV • 2 hari yang lalu,https://www.cnnindonesia.com/tv/20250926212255-404-1278244/video-penyebab-keracunan-mbg-bakal-dipidana,mbg,3,2025-09-27 08:05:55.000000,2025-09-27 08:05:55+07:00,2025-09-29 09:32:44.029565+07:00
"BGN Minta Maaf Usai Ribuan Anak Keracunan MBG, Nanik Deyang Menangis Nasional • 2 hari yang lalu",https://www.cnnindonesia.com/nasional/20250926200143-20-1278227/bgn-minta-maaf-usai-ribuan-anak-keracunan-mbg-nanik-deyang-menangis,mbg,3,2025-09-27 06:50:18.000000,2025-09-27 06:50:18+07:00,2025-09-29 09:32:44.194335+07:00
"BGN Gandeng Polri & BIN Telusuri Keracunan MBG, Buka Peluang Pidana Nasional • 2 hari yang lalu",https://www.cnnindonesia.com/nasional/20250926191324-20-1278218/bgn-gandeng-polri-bin-telusuri-keracunan-mbg-buka-peluang-pidana,mbg,3,2025-09-27 00:05:10.000000,2025-09-27 00:05:10+07:00,2025-09-29 09:32:44.337552+07:00
Dinkes Bandung Barat Masih Tunggu Hasil Uji Lab Keracunan Massal MBG Nasional • 2 hari yang lalu,https://www.cnnindonesia.com/nasional/20250926131835-20-1277996/dinkes-bandung-barat-masih-tunggu-hasil-uji-lab-keracunan-massal-mbg,mbg,3,2025-09-26 22:50:01.000000,2025-09-26 22:50:01+07:00,2025-09-29 09:32:44.589546+07:00
BGN Tutup 40 SPPG Buntut Gelombang Keracunan MBG Nasional • 2 hari yang lalu,https://www.cnnindonesia.com/nasional/20250926200400-20-1278228/bgn-tutup-40-sppg-buntut-gelombang-keracunan-mbg,mbg,3,2025-09-26 20:26:23.000000,2025-09-26 20:26:23+07:00,2025-09-29 09:32:44.833885+07:00
9 Anak SD di Karimun Kepri Keracunan Usai Santap MBG Roti Burger Nasional • 2 hari yang lalu,https://www.cnnindonesia.com/nasional/20250926190546-20-1278214/9-anak-sd-di-karimun-kepri-keracunan-usai-santap-mbg-roti-burger,mbg,3,2025-09-26 20:03:32.000000,2025-09-26 20:03:32+07:00,2025-09-29 09:32:45.115680+07:00
Keluar,https://connect.detik.com/oauth/signout?redirectUrl=https%3A%2F%2Fwww.cnnindonesia.com%2Ftag%2Fkoperasi-merah-putih,koperasi merah putih,1,2025-09-29 09:32:46.602706,,2025-09-29 09:32:46.602706+07:00
DAFTAR,https://connect.detik.com/accounts/register?clientId=10027&redirectUrl=https%3A%2F%2Fwww.cnnindonesia.com%2Fauthorize&backURL=https%3A%2F%2Fwww.cnnindonesia.com%2Ftag%2Fkoperasi-merah-putih&ui=apps&osType=ANDROID,koperasi merah putih,1,2025-09-29 09:32:46.672195,,2025-09-29 09:32:46.672195+07:00
"01:30 VIDEO: Gantikan Budi Arie, Menkop Ferry Akan Kebut UU Koperasi TV • 2 minggu yang lalu",https://www.cnnindonesia.com/tv/20250909120847-400-1271613/video-gantikan-budi-arie-menkop-ferry-akan-kebut-uu-koperasi,koperasi merah putih,1,2025-09-09 12:40:39.000000,2025-09-09 12:40:39+07:00,2025-09-29 09:32:49.791418+07:00
01:58 VIDEO: AHY Resmikan Koperasi Merah Putih di Madiun TV • 1 bulan yang lalu,https://www.cnnindonesia.com/tv/20250822212231-400-1265480/video-ahy-resmikan-koperasi-merah-putih-di-madiun,koperasi merah putih,1,2025-08-23 11:32:31.000000,2025-08-23 11:32:31+07:00,2025-09-29 09:32:49.944128+07:00
Surabaya Siap Luncurkan Ratusan Gerai Koperasi Merah Putih Ekonomi • 1 bulan yang lalu,https://www.cnnindonesia.com/ekonomi/20250815201448-92-1263024/surabaya-siap-luncurkan-ratusan-gerai-koperasi-merah-putih,koperasi merah putih,1,2025-08-15 20:18:22.000000,2025-08-15 20:18:22+07:00,2025-09-29 09:32:52.808714+07:00
01:42 VIDEO: Menag Harap Badan Wakaf Jadi Motor Ekonomi TV • 1 bulan yang lalu,https://www.cnnindonesia.com/tv/20250808135013-400-1260301/video-menag-harap-badan-wakaf-jadi-motor-ekonomi,koperasi merah putih,1,2025-08-08 15:03:03.000000,2025-08-08 15:03:03+07:00,2025-09-29 09:32:52.936440+07:00
Mendes: Dana Desa Bukan Jaminan Pinjaman Kopdes Merah Putih Ekonomi • 1 bulan yang lalu,https://www.cnnindonesia.com/ekonomi/20250805134850-92-1258934/mendes-dana-desa-bukan-jaminan-pinjaman-kopdes-merah-putih,koperasi merah putih,1,2025-08-05 20:45:12.000000,2025-08-05 20:45:12+07:00,2025-09-29 09:32:53.705206+07:00
Budi Arie: Aturan soal Koperasi Harus Selaras demi Perkuat Kopdes Ekonomi • 1 bulan yang lalu,https://www.cnnindonesia.com/ekonomi/20250805152745-78-1259003/budi-arie-aturan-soal-koperasi-harus-selaras-demi-perkuat-kopdes,koperasi merah putih,1,2025-08-05 15:34:57.000000,2025-08-05 15:34:57+07:00,2025-09-29 09:32:53.991943+07:00
30:50 VIDEO: Koperasi Desa Merah Putih Mampu Dongkrak Ekonomi? TV • 2 bulan yang lalu,https://www.cnnindonesia.com/tv/20250728123555-402-1255743/video-koperasi-desa-merah-putih-mampu-dongkrak-ekonomi,koperasi merah putih,1,2025-07-28 12:43:44.000000,2025-07-28 12:43:44+07:00,2025-09-29 09:32:54.125882+07:00
"03:27 VIDEO: Diresmikan Prabowo, Koperasi Merah Putih Mulai Aktif TV • 2 bulan yang lalu",https://www.cnnindonesia.com/tv/20250724193351-404-1254601/video-diresmikan-prabowo-koperasi-merah-putih-mulai-aktif,koperasi merah putih,1,2025-07-25 07:24:51.000000,2025-07-25 07:24:51+07:00,2025-09-29 09:32:54.268842+07:00
TNI Akan Dilibatkan Produksi Obat Murah Massal Nasional • 2 bulan yang lalu,https://www.cnnindonesia.com/nasional/20250723151901-20-1254031/tni-akan-dilibatkan-produksi-obat-murah-massal,koperasi merah putih,1,2025-07-23 15:50:03.000000,2025-07-23 15:50:03+07:00,2025-09-29 09:32:54.498143+07:00
10:57 VIDEO: Perjalanan Program Koperasi di Indonesia TV • 2 bulan yang lalu,https://www.cnnindonesia.com/tv/20250723092506-400-1253819/video-perjalanan-program-koperasi-di-indonesia,koperasi merah putih,1,2025-07-23 09:29:30.000000,2025-07-23 09:29:30+07:00,2025-09-29 09:32:54.649991+07:00
Keluar,https://connect.detik.com/oauth/signout?redirectUrl=https%3A%2F%2Fwww.cnnindonesia.com%2Ftag%2Fkoperasi-merah-putih%3Fpage%3D2,koperasi merah putih,2,2025-09-29 09:32:56.300550,,2025-09-29 09:32:56.300550+07:00
DAFTAR,https://connect.detik.com/accounts/register?clientId=10027&redirectUrl=https%3A%2F%2Fwww.cnnindonesia.com%2Fauthorize&backURL=https%3A%2F%2Fwww.cnnindonesia.com%2Ftag%2Fkoperasi-merah-putih%3Fpage%3D2&ui=apps&osType=ANDROID,koperasi merah putih,2,2025-09-29 09:32:56.394197,,2025-09-29 09:32:56.394197+07:00
ANALISIS Menguak Siapa Vampir Ekonomi yang Bikin Prabowo Geram Ekonomi • 2 bulan yang lalu,https://www.cnnindonesia.com/ekonomi/20250723071116-92-1253781/menguak-siapa-vampir-ekonomi-yang-bikin-prabowo-geram,koperasi merah putih,2,2025-07-23 07:50:03.000000,2025-07-23 07:50:03+07:00,2025-09-29 09:32:59.967055+07:00
01:35 VIDEO: Prabowo: Konsep Koperasi Bisa Memperkuat Ekonomi RI TV • 2 bulan yang lalu,https://www.cnnindonesia.com/tv/20250722120730-402-1253489/video-prabowo-konsep-koperasi-bisa-memperkuat-ekonomi-ri,koperasi merah putih,2,2025-07-22 12:25:30.000000,2025-07-22 12:25:30+07:00,2025-09-29 09:33:00.160344+07:00
"Bobby Resmikan Koperasi Merah Putih Binjai, Perputaran Capai Rp2,5 M Nasional • 2 bulan yang lalu",https://www.cnnindonesia.com/nasional/20250721215912-20-1253293/bobby-resmikan-koperasi-merah-putih-binjai-perputaran-capai-rp25-m,koperasi merah putih,2,2025-07-21 22:15:00.000000,2025-07-21 22:15:00+07:00,2025-09-29 09:33:00.425241+07:00
Gubernur Jateng: Koperasi Merah Putih Tingkatkan Kesejahteraan Rakyat Nasional • 2 bulan yang lalu,https://www.cnnindonesia.com/nasional/20250721184520-25-1253233/gubernur-jateng-koperasi-merah-putih-tingkatkan-kesejahteraan-rakyat,koperasi merah putih,2,2025-07-21 18:55:05.000000,2025-07-21 18:55:05+07:00,2025-09-29 09:33:00.744451+07:00
"Mandiri Dukung Peluncuran Kopdes Merah Putih, Perkuat Digitalisasi Ekonomi • 2 bulan yang lalu",https://www.cnnindonesia.com/ekonomi/20250721182457-625-1253223/mandiri-dukung-peluncuran-kopdes-merah-putih-perkuat-digitalisasi,koperasi merah putih,2,2025-07-21 18:48:29.000000,2025-07-21 18:48:29+07:00,2025-09-29 09:33:00.922214+07:00
"Menko Zulhas: 80.081 Kopdes Merah Putih Resmi Terbentuk, Sejarah Baru Ekonomi • 2 bulan yang lalu",https://www.cnnindonesia.com/ekonomi/20250721155247-97-1253158/menko-zulhas-80081-kopdes-merah-putih-resmi-terbentuk-sejarah-baru,koperasi merah putih,2,2025-07-21 16:18:47.000000,2025-07-21 16:18:47+07:00,2025-09-29 09:33:01.111323+07:00
01:53 VIDEO: Menkop Sebut 81.140 Koperasi Terbentuk di Seluruh Indonesia TV • 2 bulan yang lalu,https://www.cnnindonesia.com/tv/20250721140848-400-1253089/video-menkop-sebut-81140-koperasi-terbentuk-di-seluruh-indonesia,koperasi merah putih,2,2025-07-21 14:45:48.000000,2025-07-21 14:45:48+07:00,2025-09-29 09:33:01.305036+07:00
Koperasi Desa Merah Putih Diresmikan Prabowo Hari Ini Ekonomi • 2 bulan yang lalu,https://www.cnnindonesia.com/ekonomi/20250721063618-92-1252900/koperasi-desa-merah-putih-diresmikan-prabowo-hari-ini,koperasi merah putih,2,2025-07-21 07:05:02.000000,2025-07-21 07:05:02+07:00,2025-09-29 09:33:01.648354+07:00
Prabowo Luncurkan 80 Ribu Kopdes Merah Putih di Klaten Senin Ekonomi • 2 bulan yang lalu,https://www.cnnindonesia.com/ekonomi/20250719135924-92-1252545/prabowo-luncurkan-80-ribu-kopdes-merah-putih-di-klaten-senin,koperasi merah putih,2,2025-07-19 14:45:10.000000,2025-07-19 14:45:10+07:00,2025-09-29 09:33:01.989658+07:00
Menkum: 80 Ribu Lebih Kopdes Merah Putih Sudah Disahkan Nasional • 2 bulan yang lalu,https://www.cnnindonesia.com/nasional/20250719075957-20-1252442/menkum-80-ribu-lebih-kopdes-merah-putih-sudah-disahkan,koperasi merah putih,2,2025-07-19 08:07:01.000000,2025-07-19 08:07:01+07:00,2025-09-29 09:33:02.161345+07:00
Keluar,https://connect.detik.com/oauth/signout?redirectUrl=https%3A%2F%2Fwww.cnnindonesia.com%2Ftag%2Fkoperasi-merah-putih%3Fpage%3D3,koperasi merah putih,3,2025-09-29 09:33:03.593971,,2025-09-29 09:33:03.593971+07:00
DAFTAR,https://connect.detik.com/accounts/register?clientId=10027&redirectUrl=https%3A%2F%2Fwww.cnnindonesia.com%2Fauthorize&backURL=https%3A%2F%2Fwww.cnnindonesia.com%2Ftag%2Fkoperasi-merah-putih%3Fpage%3D3&ui=apps&osType=ANDROID,koperasi merah putih,3,2025-09-29 09:33:03.722776,,2025-09-29 09:33:03.722776+07:00
Bank Mandiri Komitmen Perkuat Ekonomi Desa Lewat Koperasi Merah Putih Ekonomi • 2 bulan yang lalu,https://www.cnnindonesia.com/ekonomi/20250718175124-625-1252302/bank-mandiri-komitmen-perkuat-ekonomi-desa-lewat-koperasi-merah-putih,koperasi merah putih,3,2025-07-18 18:15:24.000000,2025-07-18 18:15:24+07:00,2025-09-29 09:33:07.468654+07:00
01:39 VIDEO: 80 Ribu Koperasi Merah Putih Siap Diresmikan TV • 2 bulan yang lalu,https://www.cnnindonesia.com/tv/20250715182930-407-1251024/video-80-ribu-koperasi-merah-putih-siap-diresmikan,koperasi merah putih,3,2025-07-15 19:55:12.000000,2025-07-15 19:55:12+07:00,2025-09-29 09:33:07.773792+07:00
"Menkop Budi Sebut Sudah Terbentuk 80,5 Ribu Kopdes Merah Putih Ekonomi • 2 bulan yang lalu",https://www.cnnindonesia.com/ekonomi/20250713001539-92-1250017/menkop-budi-sebut-sudah-terbentuk-805-ribu-kopdes-merah-putih,koperasi merah putih,3,2025-07-13 05:33:46.000000,2025-07-13 05:33:46+07:00,2025-09-29 09:33:08.087436+07:00
Prabowo Gelar Ratas Bahas Cuaca Ekstrem hingga Sekolah Rakyat Nasional • 2 bulan yang lalu,https://www.cnnindonesia.com/nasional/20250712205642-32-1249997/prabowo-gelar-ratas-bahas-cuaca-ekstrem-hingga-sekolah-rakyat,koperasi merah putih,3,2025-07-12 21:15:13.000000,2025-07-12 21:15:13+07:00,2025-09-29 09:33:08.355343+07:00
03:53 VIDEO: Koperasi Merah Putih Tamanmartani Disambut Antusias Warga TV • 2 bulan yang lalu,https://www.cnnindonesia.com/tv/20250712131038-404-1249892/video-koperasi-merah-putih-tamanmartani-disambut-antusias-warga,koperasi merah putih,3,2025-07-12 13:16:58.000000,2025-07-12 13:16:58+07:00,2025-09-29 09:33:08.486361+07:00
01:43 VIDEO: Pemerintah Siap Luncurkan 80 Ribu Koperasi Merah Putih TV • 2 bulan yang lalu,https://www.cnnindonesia.com/tv/20250711123758-402-1249554/video-pemerintah-siap-luncurkan-80-ribu-koperasi-merah-putih,koperasi merah putih,3,2025-07-11 13:22:58.000000,2025-07-11 13:22:58+07:00,2025-09-29 09:33:08.624239+07:00
Menkop Budi Ungkap Peran Penting Perempuan untuk Koperasi Tumbuh Ekonomi • 2 bulan yang lalu,https://www.cnnindonesia.com/ekonomi/20250708210240-625-1248426/menkop-budi-ungkap-peran-penting-perempuan-untuk-koperasi-tumbuh,koperasi merah putih,3,2025-07-09 05:00:40.000000,2025-07-09 05:00:40+07:00,2025-09-29 09:33:08.841940+07:00
05:04 VIDEO: Sebanyak 152 Koperasi Merah Putih Telah Terbentuk TV • 2 bulan yang lalu,https://www.cnnindonesia.com/tv/20250704120204-402-1246842/video-sebanyak-152-koperasi-merah-putih-telah-terbentuk,koperasi merah putih,3,2025-07-04 12:46:04.000000,2025-07-04 12:46:04+07:00,2025-09-29 09:33:08.968127+07:00
Kemenkop Minta Asuransi PertaLife Masuk Kopdes Merah Putih Ekonomi • 2 bulan yang lalu,https://www.cnnindonesia.com/ekonomi/20250703071623-78-1246297/kemenkop-minta-asuransi-pertalife-masuk-kopdes-merah-putih,koperasi merah putih,3,2025-07-03 09:33:05.000000,2025-07-03 09:33:05+07:00,2025-09-29 09:33:09.529781+07:00
01:44 VIDEO: Menkop Harap Koperasi Desa Dapat Kurangi Kemiskinan TV • 3 bulan yang lalu,https://www.cnnindonesia.com/tv/20250625133328-407-1243669/video-menkop-harap-koperasi-desa-dapat-kurangi-kemiskinan,koperasi merah putih,3,2025-06-25 14:15:28.000000,2025-06-25 14:15:28+07:00,2025-09-29 09:33:10.561832+07:00
