judul_berita,penulis_berita,url_berita,media_online,tanggal_berita_dt,top_keyword,lex_match,fuzz_score,embed_sim,relevance_score,is_relevant
Menkeu Purbaya: Risiko Kredit Fiktif dalam Dana Rp200 T Tetap Ada,Triyan Pangastuti,https://www.idntimes.com/business/economy/menkeu-purbaya-risiko-kredit-fiktif-dalam-dana-rp200-t-tetap-ada-00-gshdq-gyphns,idn_times,2025-09-20 16:47:00+07:00,suntikan dana rp200 triliun,0.0,0.37,0.767,0.571,True
Distribusi BBM Dipastikan Lancar Setelah Gempa Nabire,Tidak Diketahui,https://www.liputan6.com/bisnis/read/6164079/distribusi-bbm-dipastikan-lancar-setelah-gempa-nabire,liputan6,2025-09-20 05:45:15+07:00,diskusi banggar dpr,0.0,0.417,0.736,0.567,True
"BRI Salurkan KPR Subsidi Rp14,65 Triliun, Dukung Program Tiga Juta Rumah dan Asta Cita Pem...",Tidak Diketahui,https://www.liputan6.com/bisnis/read/6164785/bri-salurkan-kpr-subsidi-rp1465-triliun-dukung-program-tiga-juta-rumah-dan-asta-cita-pemerintah,liputan6,2025-09-21 12:36:04+07:00,suntikan dana rp200 triliun,0.0,0.283,0.8,0.565,True
Kredit Fiktif Rp 200 Triliun? Menkeu Purbaya Tanggapi Warning KPK ke Bank HimbaraPROV20/09/2025,Tidak Diketahui,https://www.kompas.com/banten/read/2025/09/20/183000388/kredit-fiktif-rp-200-triliun-menkeu-purbaya-tanggapi-warning-kpk-ke-bank,kompas,2025-09-20 00:00:00+07:00,suntikan dana rp200 triliun,0.0,0.279,0.794,0.56,True
"Asing Balik Arah! Rp 3 Triliun Diguyur ke IHSG, Saham Ini Jadi IncaranMarket38 menit yang lalu",Tidak Diketahui,https://www.cnbcindonesia.com/market/20250921201338-17-668899/asing-balik-arah-rp-3-triliun-diguyur-ke-ihsg-saham-ini-jadi-incaran,cnbc,2025-09-22 00:00:00+07:00,suntikan dana rp200 triliun,0.0,0.298,0.777,0.556,True
Kucuran Dana Rp200 T dan Peluang Pembiayaan Industri Halal IndonesiaOpini8 jam yang lalu,Tidak Diketahui,https://www.cnbcindonesia.com/opini/20250921233556-14-668907/kucuran-dana-rp200-t-dan-peluang-pembiayaan-industri-halal-indonesia,cnbc,2025-09-22 00:00:00+07:00,suntikan dana rp200 triliun,0.0,0.365,0.739,0.553,True
"Ada 17 Hari Libur Nasional dan 8 Cuti Bersama pada 2026, Cek Tanggalnya",Tidak Diketahui,https://www.liputan6.com/bisnis/read/6164093/ada-17-hari-libur-nasional-dan-8-cuti-bersama-pada-2026-cek-tanggalnya,liputan6,2025-09-20 06:28:42+07:00,suntikan dana rp200 triliun,0.0,0.286,0.773,0.549,False
YouTube Bagi-Bagi Duit Rp 1.600 Triliun ke Kreator KontenTech9 menit yang lalu,Tidak Diketahui,https://www.cnbcindonesia.com/tech/20250922070618-37-668922/youtube-bagi-bagi-duit-rp-1600-triliun-ke-kreator-konten,cnbc,2025-09-22 00:00:00+07:00,suntikan dana rp200 triliun,0.0,0.343,0.742,0.548,False
"Serap Investasi Rp 6,5 Triliun, KEK Sei Mangkei Kini Jadi Pusat Hilirisasi Sawit",Tidak Diketahui,https://www.liputan6.com/bisnis/read/6164782/serap-investasi-rp-65-triliun-kek-sei-mangkei-kini-jadi-pusat-hilirisasi-sawit,liputan6,2025-09-21 12:30:46+07:00,suntikan dana rp200 triliun,0.0,0.299,0.764,0.548,False
"Deklarasi DPW PPP Banten Dinilai Tak Mewakili, Setengah DPC Dukung Mardiono",Tidak Diketahui,https://news.detik.com/berita/d-8122260/deklarasi-dpw-ppp-banten-dinilai-tak-mewakili-setengah-dpc-dukung-mardiono,detik,2025-09-20 22:19:00+07:00,diskusi banggar dpr,0.0,0.298,0.761,0.546,False
"BRI Optimistis Perluas Akses Hunian, Salurkan KPR Subsidi Rp14,65 Triliun hingga Agustus 2...",Tidak Diketahui,https://www.liputan6.com/bisnis/read/6164790/bri-optimistis-perluas-akses-hunian-salurkan-kpr-subsidi-rp1465-triliun-hingga-agustus-2025,liputan6,2025-09-21 13:00:00+07:00,suntikan dana rp200 triliun,0.0,0.3,0.759,0.545,False
"Prabowo Naikkan Gaji ASN hingga TNI-Polri, Ini Dasar Hukumnya",Tidak Diketahui,https://www.liputan6.com/news/read/6164191/prabowo-naikkan-gaji-asn-hingga-tni-polri-ini-dasar-hukumnya,liputan6,2025-09-20 10:33:52+07:00,suntikan dana rp200 triliun,0.0,0.341,0.737,0.544,False
Daftar Lengkap Hari Libur Nasional dan Cuti Bersama 2026,Tidak Diketahui,https://www.liputan6.com/bisnis/read/6164158/daftar-lengkap-hari-libur-nasional-dan-cuti-bersama-2026,liputan6,2025-09-20 09:30:59+07:00,suntikan dana rp200 triliun,0.0,0.289,0.759,0.542,False
Terungkap Alasan Prabowo Naikkan Gaji ASN hingga Pejabat Negara,Tidak Diketahui,https://economy.okezone.com/read/2025/09/21/320/3171517/terungkap-alasan-prabowo-naikkan-gaji-asn-hingga-pejabat-negara,okezone,2025-09-22 05:12:00+07:00,suntikan dana rp200 triliun,0.0,0.311,0.743,0.539,False
"LOSC Lille Pamer Aksi Debut Calvin Verdonk, Netizen: Tak Ada Hujatan karena Server Indonesia!",Tidak Diketahui,https://bola.okezone.com/read/2025/09/21/51/3171449/losc-lille-pamer-aksi-debut-calvin-verdonk-netizen-tak-ada-hujatan-karena-server-indonesia,okezone,2025-09-22 01:01:00+07:00,suntikan dana rp200 triliun,0.0,0.283,0.751,0.535,False
Cek Fakta: Tidak Benar Link Pendaftaran Kartu Prakerja 2025,Tidak Diketahui,https://www.liputan6.com/cek-fakta/read/6164699/cek-fakta-tidak-benar-link-pendaftaran-kartu-prakerja-2025,liputan6,2025-09-21 11:01:08+07:00,suntikan dana rp200 triliun,0.0,0.256,0.763,0.534,False
"Soal Perpres Kenaikan Gaji ASN hingga Pejabat, Menkeu Purbaya Bilang Begini",Tidak Diketahui,https://www.liputan6.com/bisnis/read/6164905/soal-perpres-kenaikan-gaji-asn-hingga-pejabat-menkeu-purbaya-bilang-begini,liputan6,2025-09-21 16:30:23+07:00,suntikan dana rp200 triliun,0.0,0.333,0.719,0.531,False
Dalih Cemburu Buta di Balik Suami Bakar Rumah hingga Lukai Istri,Tidak Diketahui,https://news.detik.com/berita/d-8122263/dalih-cemburu-buta-di-balik-suami-bakar-rumah-hingga-lukai-istri,detik,2025-09-20 22:23:00+07:00,diskusi banggar dpr,0.0,0.313,0.727,0.53,False
Peran Vital Gas Bumi Jaga Keandalan Listrik Nasional,Tidak Diketahui,https://www.liputan6.com/bisnis/read/6164968/peran-vital-gas-bumi-jaga-keandalan-listrik-nasional,liputan6,2025-09-21 20:30:49+07:00,suntikan dana rp200 triliun,0.0,0.278,0.741,0.528,False
Kompolnas Dukung Korlantas Polri Bekukan Sementara Sirene-Rotator Patwal: Kecuali untuk Ke...,Tidak Diketahui,https://www.liputan6.com/news/read/6164360/kompolnas-dukung-korlantas-polri-bekukan-sementara-sirene-rotator-patwal-kecuali-untuk-kemanusiaan,liputan6,2025-09-20 15:00:01+07:00,suntikan dana rp200 triliun,0.0,0.283,0.737,0.527,False
"Astra International Buka Lowongan Kerja Terbaru, Daftar di Link Ini",Tidak Diketahui,https://www.liputan6.com/bisnis/read/6160975/astra-international-buka-lowongan-kerja-terbaru-daftar-di-link-ini,liputan6,2025-09-22 07:00:59+07:00,suntikan dana rp200 triliun,0.0,0.34,0.709,0.527,False
Top 3: Daftar Hari Libur Nasional dan Cuti Bersama 2026,Tidak Diketahui,https://www.liputan6.com/bisnis/read/6164584/top-3-daftar-hari-libur-nasional-dan-cuti-bersama-2026,liputan6,2025-09-21 07:00:36+07:00,suntikan dana rp200 triliun,0.0,0.268,0.744,0.527,False
Ini Kunci Biaya Logistik Indonesia Kompetitif di Tingkat Global,Tidak Diketahui,https://www.liputan6.com/bisnis/read/6164364/ini-kunci-biaya-logistik-indonesia-kompetitif-di-tingkat-global,liputan6,2025-09-20 15:30:10+07:00,suntikan dana rp200 triliun,0.0,0.311,0.722,0.527,False
Mendagri Tito: Program MBG Hidupkan Rantai Pasok Lokal,Tidak Diketahui,https://www.liputan6.com/news/read/6164455/mendagri-tito-program-mbg-hidupkan-rantai-pasok-lokal,liputan6,2025-09-20 14:41:26+07:00,suntikan dana rp200 triliun,0.0,0.296,0.728,0.526,False
Gubernur Lampung Sambut Baik Pengetatan Impor Etanol & Singkong,Tidak Diketahui,https://news.detik.com/berita/d-8122141/gubernur-lampung-sambut-baik-pengetatan-impor-etanol-singkong,detik,2025-09-20 20:23:00+07:00,suntikan dana rp200 triliun,0.0,0.289,0.729,0.524,False
KNPI Minta KPK Usut Dugaan Gratifikasi Rp51 Miliar di Proyek Film,Tim detikJabar,https://www.detik.com/jabar/berita/d-8122118/knpi-minta-kpk-usut-dugaan-gratifikasi-rp51-miliar-di-proyek-film,detik,2025-09-20 20:04:55+07:00,suntikan dana rp200 triliun,0.0,0.326,0.708,0.523,False
"Pemerintah Tetapkan 17 Hari Libur Nasional dan 8 Cuti Bersama Tahun 2026, Simak Tanggalnya...",Tidak Diketahui,https://www.liputan6.com/news/read/6164101/pemerintah-tetapkan-17-hari-libur-nasional-dan-8-cuti-bersama-tahun-2026-simak-tanggalnya,liputan6,2025-09-20 07:00:55+07:00,suntikan dana rp200 triliun,0.0,0.233,0.755,0.523,False
Arti Perpres IKN Diputuskan Sebagai Ibu Kota Politik,Tidak Diketahui,https://www.liputan6.com/news/read/6164054/arti-perpres-ikn-diputuskan-sebagai-ibu-kota-politik,liputan6,2025-09-20 06:01:18+07:00,suntikan dana rp200 triliun,0.0,0.304,0.718,0.522,False
"Ojol di Pontianak Patah Hidung Usai Dipukul Oknum TNI, Bakal Dioperasi",Tidak Diketahui,https://news.detik.com/berita/d-8123629/ojol-di-pontianak-patah-hidung-usai-dipukul-oknum-tni-bakal-dioperasi,detik,2025-09-20 00:00:00+07:00,diskusi banggar dpr,0.0,0.315,0.711,0.521,False
"Motif Cemburu, Suami Bakar Istri hingga Rumah Ludes di Cakung",Tidak Diketahui,https://www.liputan6.com/news/read/6164424/motif-cemburu-suami-bakar-istri-hingga-rumah-ludes-di-cakung,liputan6,2025-09-20 17:19:51+07:00,diskusi banggar dpr,0.0,0.35,0.691,0.52,False
Pemalsu Cukai Rokok Siap-Siap Dikejar Menkeu Purbaya,Tidak Diketahui,https://www.liputan6.com/bisnis/read/6164884/pemalsu-cukai-rokok-siap-siap-dikejar-menkeu-purbaya,liputan6,2025-09-21 17:00:16+07:00,diskusi banggar dpr,0.0,0.282,0.726,0.52,False
"Ruko di Jakut Terbakar Diduga Akibat Masalah Listrik, Korban Nihil",Tidak Diketahui,https://news.okezone.com/read/2025/09/22/338/3171542/ruko-di-jakut-terbakar-diduga-akibat-masalah-listrik-korban-nihil,okezone,2025-09-22 06:24:00+07:00,diskusi banggar dpr,0.0,0.282,0.726,0.52,False
CNBC InsightRaja Terkaya RI Bagi-bagi Uang Rp 20 M Buat Rakyat agar Tak MenderitaMarket12 jam yang lalu,Tidak Diketahui,https://www.cnbcindonesia.com/market/20250921153840-17-668863/raja-terkaya-ri-bagi-bagi-uang-rp-20-m-buat-rakyat-agar-tak-menderita,cnbc,2025-09-22 00:00:00+07:00,suntikan dana rp200 triliun,0.0,0.231,0.749,0.519,False
"Gunung Marapi Meletus Lagi Minggu Sore, Warga Diminta Jauhi Radius 3 Kilometer",Tidak Diketahui,https://www.liputan6.com/news/read/6164940/gunung-marapi-meletus-lagi-minggu-sore-warga-diminta-jauhi-radius-3-kilometer,liputan6,2025-09-21 17:41:50+07:00,diskusi banggar dpr,0.0,0.247,0.741,0.519,False
Mendagri Tito Karnavian Ajak KAHMI jadi Motor Perubahan Menuju Indonesia Emas 2045,Tidak Diketahui,https://www.liputan6.com/news/read/6164876/mendagri-tito-karnavian-ajak-kahmi-jadi-motor-perubahan-menuju-indonesia-emas-2045,liputan6,2025-09-21 15:25:25+07:00,suntikan dana rp200 triliun,0.0,0.257,0.737,0.519,False
Infografis Daftar 17 Hari Libur Nasional dan 8 Cuti Bersama Tahun 2026,Tidak Diketahui,https://www.liputan6.com/news/read/6164232/infografis-daftar-17-hari-libur-nasional-dan-8-cuti-bersama-tahun-2026,liputan6,2025-09-20 11:30:31+07:00,suntikan dana rp200 triliun,0.0,0.227,0.751,0.519,False
"Prabowo Mau Naikkan Gaji ASN hingga Pejabat Negara, Ekonom Wanti-wanti Hal Ini",Shafira Cendra Arini,https://finance.detik.com/berita-ekonomi-bisnis/d-8122089/prabowo-mau-naikkan-gaji-asn-hingga-pejabat-negara-ekonom-wanti-wanti-hal-ini,detik,2025-09-20 19:45:30+07:00,suntikan dana rp200 triliun,0.0,0.267,0.731,0.518,False
Ini Kisi-kisi Pidato Prabowo dalam Sidang Majelis Umum PBB di New YorkNEWS22/09/2025,Tidak Diketahui,https://nasional.kompas.com/read/2025/09/22/05381141/ini-kisi-kisi-pidato-prabowo-dalam-sidang-majelis-umum-pbb-di-new-york,kompas,2025-09-22 00:00:00+07:00,diskusi banggar dpr,0.0,0.272,0.727,0.518,False
5 Penerbangan di Bandara Komodo Batal Dampak Erupsi Gunung Lewotobi,Tidak Diketahui,https://www.liputan6.com/bisnis/read/6164653/5-penerbangan-di-bandara-komodo-batal-dampak-erupsi-gunung-lewotobi,liputan6,2025-09-21 07:41:07+07:00,suntikan dana rp200 triliun,0.0,0.319,0.704,0.518,False
"Bukan Hanya IKN Nusantara, Ini 7 Negara dengan Ibu Kota Politik Terpisah dari Pusat Ekonom...",Tidak Diketahui,https://www.liputan6.com/news/read/6164374/bukan-hanya-ikn-nusantara-ini-7-negara-dengan-ibu-kota-politik-terpisah-dari-pusat-ekonomi,liputan6,2025-09-20 15:17:24+07:00,suntikan dana rp200 triliun,0.0,0.233,0.745,0.517,False
"Klarifikasi Kepala BKN soal PPPK: Bukan Merendahkan, Hanya Penjelasan UU",Tidak Diketahui,https://www.liputan6.com/bisnis/read/6164848/klarifikasi-kepala-bkn-soal-pppk-bukan-merendahkan-hanya-penjelasan-uu,liputan6,2025-09-21 15:00:06+07:00,suntikan dana rp200 triliun,0.0,0.242,0.741,0.517,False
"Ramalan Cuaca, Hujan Diprakirakan Guyur Jakarta Malam Hari",Tidak Diketahui,https://news.okezone.com/read/2025/09/22/338/3171535/ramalan-cuaca-hujan-diprakirakan-guyur-jakarta-malam-hari,okezone,2025-09-22 05:29:00+07:00,suntikan dana rp200 triliun,0.0,0.282,0.72,0.517,False
NASA Bocorkan Penampakan IKN yang Jadi Ibu Kota Politik 2028Tech11 jam yang lalu,Tidak Diketahui,https://www.cnbcindonesia.com/tech/20250921160159-37-668864/nasa-bocorkan-penampakan-ikn-yang-jadi-ibu-kota-politik-2028,cnbc,2025-09-22 00:00:00+07:00,suntikan dana rp200 triliun,0.0,0.243,0.737,0.515,False
Stok BBM SPBU Swasta Tersedia Lagi Mulai Pekan Depan,Tidak Diketahui,https://www.liputan6.com/bisnis/read/6164182/stok-bbm-spbu-swasta-tersedia-lagi-mulai-pekan-depan,liputan6,2025-09-20 11:00:59+07:00,suntikan dana rp200 triliun,0.0,0.253,0.732,0.515,False
Mahasiswa RI di New York Bangga Prabowo Jadi Presiden Pertama Tampil di PBB Setelah 10 Tah...,Tidak Diketahui,https://www.liputan6.com/news/read/6164710/mahasiswa-ri-di-new-york-bangga-prabowo-jadi-presiden-pertama-tampil-di-pbb-setelah-10-tahun,liputan6,2025-09-21 10:00:14+07:00,diskusi banggar dpr,0.0,0.214,0.749,0.514,False
"1 Korban Ledakan di Pamulang Meninggal Dunia, 2 Lainnya Masih Dirawat ICU",Tidak Diketahui,https://www.liputan6.com/news/read/6164173/1-korban-ledakan-di-pamulang-meninggal-dunia-2-lainnya-masih-dirawat-icu,liputan6,2025-09-20 09:53:45+07:00,suntikan dana rp200 triliun,0.0,0.26,0.727,0.514,False
Panglima TNI Minta Anak Buahnya Tak Nyalakan Strobo dan Sirine Saat Jalan Kosong: Tidak Et...,Tidak Diketahui,https://www.liputan6.com/news/read/6164915/panglima-tni-minta-anak-buahnya-tak-nyalakan-strobo-dan-sirine-saat-jalan-kosong-tidak-etis,liputan6,2025-09-21 16:45:04+07:00,suntikan dana rp200 triliun,0.0,0.217,0.747,0.513,False
Prediksi Cuaca BMKG Hari Ini: Hujan Ringan hingga Sedang Berpotensi Guyur Kota-Kota Besar,Tidak Diketahui,https://www.liputan6.com/news/read/6164163/prediksi-cuaca-bmkg-hari-ini-hujan-ringan-hingga-sedang-berpotensi-guyur-kota-kota-besar,liputan6,2025-09-20 09:16:46+07:00,diskusi banggar dpr,0.0,0.259,0.725,0.513,False
"Ratusan Siswa Keracunan Menu MBG di Banggai Sulteng, BGN Investigasi",Tidak Diketahui,https://news.detik.com/berita/d-8122284/ratusan-siswa-keracunan-menu-mbg-di-banggai-sulteng-bgn-investigasi,detik,2025-09-20 22:50:00+07:00,diskusi banggar dpr,0.0,0.253,0.727,0.512,False
Gempa Hari Ini Saat Akhir Pekan Minggu 21 September 2025: Enam Kali Getarkan Indonesia,Tidak Diketahui,https://www.liputan6.com/news/read/6165012/gempa-hari-ini-saat-akhir-pekan-minggu-21-september-2025-enam-kali-getarkan-indonesia,liputan6,2025-09-21 20:35:16+07:00,suntikan dana rp200 triliun,0.0,0.248,0.73,0.512,False
Desain dan Inovasi Jadi Jantung Daya Saing Industri Mebel Indonesia di Pasar Global,Tidak Diketahui,https://www.liputan6.com/bisnis/read/6164958/desain-dan-inovasi-jadi-jantung-daya-saing-industri-mebel-indonesia-di-pasar-global,liputan6,2025-09-21 18:45:29+07:00,suntikan dana rp200 triliun,0.0,0.291,0.708,0.512,False
Jurus PTPN Bikin Perkebunan Makin Produktif dan Efisien,Tidak Diketahui,https://www.liputan6.com/bisnis/read/6164911/jurus-ptpn-bikin-perkebunan-makin-produktif-dan-efisien,liputan6,2025-09-21 18:30:40+07:00,suntikan dana rp200 triliun,0.0,0.341,0.683,0.512,False
Cara Warga Kontribusi untuk Jakarta yang Lebih Baik dan Nyaman,Tidak Diketahui,https://www.liputan6.com/bisnis/read/6163327/cara-warga-kontribusi-untuk-jakarta-yang-lebih-baik-dan-nyaman,liputan6,2025-09-21 16:34:17+07:00,suntikan dana rp200 triliun,0.0,0.292,0.708,0.512,False
Cerita Ibu Peluk Lindungi Anak saat TransJ di Cakung Menabrak,Tidak Diketahui,https://news.detik.com/berita/d-8122169/cerita-ibu-peluk-lindungi-anak-saat-transj-di-cakung-menabrak,detik,2025-09-20 20:52:00+07:00,suntikan dana rp200 triliun,0.0,0.318,0.692,0.511,False
Prabowo Dijadwalkan Berpidato Usai Trump di Sesi Debat Umum Sidang PBB,Tidak Diketahui,https://www.liputan6.com/news/read/6164648/prabowo-dijadwalkan-berpidato-usai-trump-di-sesi-debat-umum-sidang-pbb,liputan6,2025-09-21 07:10:58+07:00,diskusi banggar dpr,0.0,0.292,0.706,0.511,False
Polri Gandeng Kepolisian Singapura Kejar Sindikat Perdagangan Bayi Lintas Negara,Tidak Diketahui,https://www.liputan6.com/news/read/6164352/polri-gandeng-kepolisian-singapura-kejar-sindikat-perdagangan-bayi-lintas-negara,liputan6,2025-09-20 14:45:01+07:00,suntikan dana rp200 triliun,0.0,0.262,0.719,0.51,False
324 Rumah Khusus Eks Pejuang Timor-Timur Sudah Ditempati,Tidak Diketahui,https://www.liputan6.com/bisnis/read/6164673/324-rumah-khusus-eks-pejuang-timor-timur-sudah-ditempati,liputan6,2025-09-21 20:00:02+07:00,diskusi banggar dpr,0.0,0.293,0.703,0.51,False
Mencuat soal 'Uang Percepatan' Ribuan USD di Kasus Kuota Haji,Adrial akbar,https://news.detik.com/berita/d-8121163/mencuat-soal-uang-percepatan-ribuan-usd-di-kasus-kuota-haji,detik,2025-09-20 06:30:08+07:00,suntikan dana rp200 triliun,0.0,0.25,0.724,0.509,False
Top 3: Kata Menkeu Purbaya Soal Kenaikan Gaji ASN hingga Pejabat,Tidak Diketahui,https://www.liputan6.com/bisnis/read/6164997/top-3-kata-menkeu-purbaya-soal-kenaikan-gaji-asn-hingga-pejabat,liputan6,2025-09-22 06:30:24+07:00,suntikan dana rp200 triliun,0.0,0.264,0.717,0.509,False
"Harga Minyak Dunia Hari Ini, Brent dan WTI Kompak Merosot",Tidak Diketahui,https://www.liputan6.com/bisnis/read/6164108/harga-minyak-dunia-hari-ini-brent-dan-wti-kompak-merosot,liputan6,2025-09-20 08:30:09+07:00,suntikan dana rp200 triliun,0.0,0.286,0.706,0.509,False
"WNI Nekat Berenang ke Singapura Buat Cari Kerja, Akhirnya DipenjaraNews10 jam yang lalu",Tidak Diketahui,https://www.cnbcindonesia.com/news/20250921171541-4-668880/wni-nekat-berenang-ke-singapura-buat-cari-kerja-akhirnya-dipenjara,cnbc,2025-09-22 00:00:00+07:00,suntikan dana rp200 triliun,0.0,0.246,0.723,0.508,False
Menkeu Purbaya Kaget Tarif Cukai Rokok Capai 57 PersenMONEY20/09/2025,Tidak Diketahui,https://money.kompas.com/read/2025/09/20/230229226/menkeu-purbaya-kaget-tarif-cukai-rokok-capai-57-persen,kompas,2025-09-20 00:00:00+07:00,suntikan dana rp200 triliun,0.0,0.25,0.721,0.508,False
"Kisah Pebulu Tangkis Supercantik Estelle van Leeuwen, Pemain Ganda Inggris yang Tengah Naik Daun",Tidak Diketahui,https://sports.okezone.com/read/2025/09/22/40/3171534/kisah-pebulu-tangkis-supercantik-estelle-van-leeuwen-pemain-ganda-inggris-yang-tengah-naik-daun,okezone,2025-09-22 05:25:00+07:00,suntikan dana rp200 triliun,0.0,0.293,0.7,0.508,False
"Beri Rasa Aman Warga, Polda Metro Patroli Skala Besar Jaga Jakarta",Tidak Diketahui,https://news.detik.com/berita/d-8122256/beri-rasa-aman-warga-polda-metro-patroli-skala-besar-jaga-jakarta,detik,2025-09-20 22:09:00+07:00,suntikan dana rp200 triliun,0.0,0.237,0.726,0.507,False
Pidato Prabowo di PBB: Antara Harapan dan Ujian DiplomasiNEWS22/09/2025,Tidak Diketahui,https://nasional.kompas.com/read/2025/09/22/07200051/pidato-prabowo-di-pbb--antara-harapan-dan-ujian-diplomasi,kompas,2025-09-22 00:00:00+07:00,suntikan dana rp200 triliun,0.0,0.245,0.723,0.507,False
"Diguncang Rentetan Gempa, Warga Bogor Mengungsi di Tenda Darurat",Tidak Diketahui,https://www.liputan6.com/news/read/6165083/diguncang-rentetan-gempa-warga-bogor-mengungsi-di-tenda-darurat,liputan6,2025-09-22 00:09:14+07:00,diskusi banggar dpr,0.0,0.289,0.701,0.507,False
"Istana Pantau Dinamika Revisi UU Parpol, Tunggu Hasil Evaluasi",Tidak Diketahui,https://www.liputan6.com/news/read/6164087/istana-pantau-dinamika-revisi-uu-parpol-tunggu-hasil-evaluasi,liputan6,2025-09-20 05:52:11+07:00,diskusi banggar dpr,0.0,0.272,0.709,0.507,False
"Perusahaan Teknologi Belanda Ekspansi ke Indonesia, Garap Bisnis Ini",Tidak Diketahui,https://www.liputan6.com/bisnis/read/6164464/perusahaan-teknologi-belanda-ekspansi-ke-indonesia-garap-bisnis-ini,liputan6,2025-09-20 19:30:40+07:00,suntikan dana rp200 triliun,0.0,0.211,0.739,0.507,False
"Impor BBM Buat SPBU Swasta, Pertamina Tegaskan Tak Cari Untung",Tidak Diketahui,https://www.liputan6.com/bisnis/read/6164300/impor-bbm-buat-spbu-swasta-pertamina-tegaskan-tak-cari-untung,liputan6,2025-09-20 13:15:56+07:00,suntikan dana rp200 triliun,0.0,0.225,0.731,0.506,False
"InternasionalPecah Perang Baru, Cek Perbandingan Militer AS Vs VenezuelaNews11 jam yang lalu",Tidak Diketahui,https://www.cnbcindonesia.com/news/20250921152505-4-668861/pecah-perang-baru-cek-perbandingan-militer-as-vs-venezuela,cnbc,2025-09-22 00:00:00+07:00,diskusi banggar dpr,0.0,0.216,0.733,0.505,False
Alasan Sebenarnya Orang Barat Cebok Pakai Tisu Bukan Air TerungkapLifestyle12 jam yang lalu,Tidak Diketahui,https://www.cnbcindonesia.com/lifestyle/20250921143737-33-668858/alasan-sebenarnya-orang-barat-cebok-pakai-tisu-bukan-air-terungkap,cnbc,2025-09-22 00:00:00+07:00,suntikan dana rp200 triliun,0.0,0.254,0.714,0.505,False
"Kasus Keracunan MBG, BGN dan Polisi Investigasi Operasional SPPG di Banggai Kepulauan",Tidak Diketahui,https://www.liputan6.com/news/read/6164853/kasus-keracunan-mbg-bgn-dan-polisi-investigasi-operasional-sppg-di-banggai-kepulauan,liputan6,2025-09-21 14:50:03+07:00,diskusi banggar dpr,0.0,0.25,0.716,0.505,False
"Polisi Setop Penggunaan Sirine Pengawalan Pejabat, DPR: Harusnya Dikecilkan Saja dan Wajib...",Tidak Diketahui,https://www.liputan6.com/news/read/6164845/polisi-setop-penggunaan-sirine-pengawalan-pejabat-dpr-harusnya-dikecilkan-saja-dan-wajib-santun-berkendara,liputan6,2025-09-21 15:00:07+07:00,suntikan dana rp200 triliun,0.0,0.217,0.732,0.504,False
PB HMI MPO Dukung Prabowo Bentuk Tim Investigasi Terkait Dugaan Makar,Tidak Diketahui,https://www.liputan6.com/news/read/6164452/pb-hmi-mpo-dukung-prabowo-bentuk-tim-investigasi-terkait-dugaan-makar,liputan6,2025-09-20 13:32:58+07:00,suntikan dana rp200 triliun,0.0,0.229,0.726,0.504,False
Prabowo-Trump Akan Bertemu di Sela-Sela Sidang PBB? Ini Jawaban Menlu,Tidak Diketahui,https://www.liputan6.com/news/read/6164103/prabowo-trump-akan-bertemu-di-sela-sela-sidang-pbb-ini-jawaban-menlu,liputan6,2025-09-20 07:17:51+07:00,suntikan dana rp200 triliun,0.0,0.271,0.704,0.504,False
Harga Emas Pegadaian Hari Ini Minggu 21 September 2025: Antam hingga UBS Kompak Meroket,Tidak Diketahui,https://www.liputan6.com/bisnis/read/6164651/harga-emas-pegadaian-hari-ini-minggu-21-september-2025-antam-hingga-ubs-kompak-meroket,liputan6,2025-09-21 09:00:23+07:00,diskusi banggar dpr,0.0,0.226,0.727,0.504,False
Kejari Tangerang Usut Dugaan Korupsi Pajak dan Manipulasi Nilai Ekspor-Impor PT ASMNEWS21/09/2025,Tidak Diketahui,https://megapolitan.kompas.com/read/2025/09/21/19343411/kejari-tangerang-usut-dugaan-korupsi-pajak-dan-manipulasi-nilai-ekspor,kompas,2025-09-21 00:00:00+07:00,suntikan dana rp200 triliun,0.0,0.226,0.726,0.503,False
Tim LNHAM Petakan 7 Ruang Lingkup Investigasi dalam Tragedi Kerusuhan Agustus-September 20...,Tidak Diketahui,https://www.liputan6.com/news/read/6164987/tim-lnham-petakan-7-ruang-lingkup-investigasi-dalam-tragedi-kerusuhan-agustus-september-2025,liputan6,2025-09-21 19:23:46+07:00,suntikan dana rp200 triliun,0.0,0.25,0.713,0.503,False
"335 Murid di Banggai Kepulauan Sulteng Diduga Keracunan MBG hingga Kejang: BGN Minta Maaf,...",Tidak Diketahui,https://www.liputan6.com/news/read/6164742/335-murid-di-banggai-kepulauan-sulteng-diduga-keracunan-mbg-hingga-kejang-bgn-minta-maaf-janji-investigasi,liputan6,2025-09-21 11:09:26+07:00,diskusi banggar dpr,0.0,0.214,0.732,0.503,False
"Kepergok Hendak Curi Motor, Pria di Kemayoran Tak Berkutik saat Dikepung Warga",Tidak Diketahui,https://www.liputan6.com/news/read/6164227/kepergok-hendak-curi-motor-pria-di-kemayoran-tak-berkutik-saat-dikepung-warga,liputan6,2025-09-20 11:16:53+07:00,suntikan dana rp200 triliun,0.0,0.19,0.743,0.503,False
Menag Tinjau dan Salurkan Bantuan untuk Korban Banjir di Bali,Tidak Diketahui,https://news.detik.com/berita/d-8122188/menag-tinjau-dan-salurkan-bantuan-untuk-korban-banjir-di-bali,detik,2025-09-20 21:19:00+07:00,diskusi banggar dpr,0.0,0.275,0.699,0.502,False
Mantan Pj Gubernur Lampung Diperiksa Terkait Korupsi Pengelolaan PI 10%,Tommy Saputra,https://www.detik.com/sumbagsel/hukum-dan-kriminal/d-8121221/mantan-pj-gubernur-lampung-diperiksa-terkait-korupsi-pengelolaan-pi-10,detik,2025-09-20 08:30:11+07:00,suntikan dana rp200 triliun,0.0,0.224,0.725,0.502,False
Ekonomi Kreatif Jadi Mesin Baru Pertumbuhan Ekonomi,Tidak Diketahui,https://www.liputan6.com/bisnis/read/6164809/ekonomi-kreatif-jadi-mesin-baru-pertumbuhan-ekonomi,liputan6,2025-09-21 13:30:46+07:00,diskusi banggar dpr,0.0,0.314,0.68,0.502,False
"Hasan Nasbi Jadi Komisaris Pertamina, Intip Besaran Gajinya",Tidak Diketahui,https://www.liputan6.com/bisnis/read/6164445/hasan-nasbi-jadi-komisaris-pertamina-intip-besaran-gajinya,liputan6,2025-09-20 17:30:16+07:00,suntikan dana rp200 triliun,0.0,0.279,0.697,0.502,False
Bank Raya Dorong Geliat Ekonomi Digital di Surabaya Lewat Ajang Raya Run 2025,Tidak Diketahui,https://www.liputan6.com/bisnis/read/6164295/bank-raya-dorong-geliat-ekonomi-digital-di-surabaya-lewat-ajang-raya-run-2025,liputan6,2025-09-20 13:04:45+07:00,suntikan dana rp200 triliun,0.0,0.212,0.731,0.502,False
"Shell, BP dan Vivo Setuju Beli BBM dari Pertamina, Ini Penjelasan Bahlil",Tidak Diketahui,https://economy.okezone.com/read/2025/09/21/320/3171519/shell-bp-dan-vivo-setuju-beli-bbm-dari-pertamina-ini-penjelasan-bahlil,okezone,2025-09-22 06:07:00+07:00,diskusi banggar dpr,0.0,0.176,0.749,0.502,False
"Soal Penggunaan Strobo, Pengamat Sarankan Pejabat Selain Presiden dan Wapres Tak Perlu Dikawal",Tidak Diketahui,https://news.okezone.com/read/2025/09/22/337/3171526/soal-penggunaan-strobo-pengamat-sarankan-pejabat-selain-presiden-dan-wapres-tak-perlu-dikawal,okezone,2025-09-22 02:05:00+07:00,suntikan dana rp200 triliun,0.0,0.298,0.687,0.502,False
Menkeu Purbaya Beberkan Alasan Defisit Anggaran Melebar,Triyan Pangastuti,https://www.idntimes.com/business/economy/menkeu-purbaya-beberkan-alasan-defisit-anggaran-melebar-00-gshdq-5zg41m,idn_times,2025-09-20 07:04:00+07:00,diskusi banggar dpr,0.0,0.324,0.673,0.501,False
Mendagri Tito Karnavian Ingatkan Pemda Jaga Kamtibmas dan Susun Strategi Tingkatkan Pertum...,Tidak Diketahui,https://www.liputan6.com/news/read/6164969/mendagri-tito-karnavian-ingatkan-pemda-jaga-kamtibmas-dan-susun-strategi-tingkatkan-pertumbuhan-ekonomi,liputan6,2025-09-21 18:55:18+07:00,suntikan dana rp200 triliun,0.0,0.217,0.726,0.501,False
"Panglima TNI Akui Jarang Pakai Strobo Saat di Jalan: Ganggu, Saya Ingin Nyaman",Tidak Diketahui,https://www.liputan6.com/news/read/6164903/panglima-tni-akui-jarang-pakai-strobo-saat-di-jalan-ganggu-saya-ingin-nyaman,liputan6,2025-09-21 16:05:36+07:00,diskusi banggar dpr,0.0,0.186,0.742,0.501,False
"CNBC InsightKasino Legal Pertama di Jakarta Dibuka, Langsung Untung Rp 200 MiliarEntrepreneur9 jam yang lalu",Tidak Diketahui,https://www.cnbcindonesia.com/entrepreneur/20250921162852-25-668867/kasino-legal-pertama-di-jakarta-dibuka-langsung-untung-rp-200-miliar,cnbc,2025-09-22 00:00:00+07:00,suntikan dana rp200 triliun,0.0,0.237,0.714,0.5,False
"Topan Ragasa Hantam Filipina, BMKG Ungkap Dampaknya ke Wilayah RITech10 jam yang lalu",Tidak Diketahui,https://www.cnbcindonesia.com/tech/20250921175020-37-668881/topan-ragasa-hantam-filipina-bmkg-ungkap-dampaknya-ke-wilayah-ri,cnbc,2025-09-22 00:00:00+07:00,suntikan dana rp200 triliun,0.0,0.232,0.718,0.5,False
Polisi Ringkus 3 'Mata Elang' Perampas Motor Warga di Jakut,Tidak Diketahui,https://news.detik.com/berita/d-8122092/polisi-ringkus-3-mata-elang-perampas-motor-warga-di-jakut,detik,2025-09-20 19:40:00+07:00,diskusi banggar dpr,0.0,0.282,0.692,0.5,False
Menkeu Purbaya Berencana  Kurangi Subsidi Listrik dan Beralih ke PLTS,Triyan Pangastuti,https://www.idntimes.com/business/economy/menkeu-purbaya-berencana-kurangi-subsidi-listrik-dan-beralih-ke-plts-00-gshdq-m979x0,idn_times,2025-09-20 22:10:00+07:00,suntikan dana rp200 triliun,0.0,0.271,0.699,0.5,False
Sinergi Ekraf–Peruri: Dorong Lapangan Kerja dan Digitalisasi Industri Kreatif Indonesia,Tidak Diketahui,https://www.liputan6.com/bisnis/read/6164988/sinergi-ekrafperuri-dorong-lapangan-kerja-dan-digitalisasi-industri-kreatif-indonesia,liputan6,2025-09-21 19:45:37+07:00,suntikan dana rp200 triliun,0.0,0.281,0.693,0.5,False
Jawaban Nyeleneh Menkeu Purbaya Soal Gaji Pejabat Naik,Tidak Diketahui,https://www.liputan6.com/bisnis/read/6164973/jawaban-nyeleneh-menkeu-purbaya-soal-gaji-pejabat-naik,liputan6,2025-09-21 19:15:34+07:00,suntikan dana rp200 triliun,0.0,0.222,0.722,0.5,False
Cuma Separuh Orang Indonesia yang Siap Hadapi Darurat Finansial,Tidak Diketahui,https://www.liputan6.com/bisnis/read/6164411/cuma-separuh-orang-indonesia-yang-siap-hadapi-darurat-finansial,liputan6,2025-09-20 16:40:01+07:00,diskusi banggar dpr,0.0,0.22,0.723,0.5,False
"Muncul Benjolan di Bagian Belakang Kepala, Pertanda apa?Lifestyle59 menit yang lalu",Tidak Diketahui,https://www.cnbcindonesia.com/lifestyle/20250922062410-33-668912/muncul-benjolan-di-bagian-belakang-kepala-pertanda-apa,cnbc,2025-09-22 00:00:00+07:00,suntikan dana rp200 triliun,0.0,0.255,0.704,0.499,False
"Polisi Bongkar Home Industry Narkoba di Tangsel, 21 Kg Sinte Disita",Tidak Diketahui,https://news.detik.com/berita/d-8122288/polisi-bongkar-home-industry-narkoba-di-tangsel-21-kg-sinte-disita,detik,2025-09-20 23:15:00+07:00,diskusi banggar dpr,0.0,0.279,0.693,0.499,False
"Waspada Penipuan Lewat Hoaks Berkedok Cek Status Penerima Bantuan, Berikut Daftarnya",Tidak Diketahui,https://www.liputan6.com/cek-fakta/read/6165132/waspada-penipuan-lewat-hoaks-berkedok-cek-status-penerima-bantuan-berikut-daftarnya,liputan6,2025-09-22 07:30:59+07:00,diskusi banggar dpr,0.0,0.272,0.696,0.499,False
"Jenderal Maruli Jamin Rekrutmen Anggota TNI AD Gratis, Ingatkan Bahaya Pungli dan Iming-Im...",Tidak Diketahui,https://www.liputan6.com/news/read/6164481/jenderal-maruli-jamin-rekrutmen-anggota-tni-ad-gratis-ingatkan-bahaya-pungli-dan-iming-iming-ordal,liputan6,2025-09-20 18:54:10+07:00,suntikan dana rp200 triliun,0.0,0.233,0.716,0.499,False
"Bakal Ada 8 Akses Menuju Stasiun Kereta Cepat Whoosh Karawang, Ini Daftarnya",Tidak Diketahui,https://www.liputan6.com/bisnis/read/6164484/bakal-ada-8-akses-menuju-stasiun-kereta-cepat-whoosh-karawang-ini-daftarnya,liputan6,2025-09-20 21:00:19+07:00,diskusi banggar dpr,0.0,0.232,0.715,0.499,False
"Naik Kelas Bersama Rumah BUMN BRI, UMKM Fashion Asal Bandung Sukses Tembus Pasar Internasi...",Tidak Diketahui,https://www.liputan6.com/bisnis/read/6164431/naik-kelas-bersama-rumah-bumn-bri-umkm-fashion-asal-bandung-sukses-tembus-pasar-internasional,liputan6,2025-09-20 19:36:07+07:00,diskusi banggar dpr,0.0,0.232,0.716,0.499,False
"Kiamat Driver Online Makin Dekat, Tandanya Sudah Muncul di Tetangga RITech10 jam yang lalu",Tidak Diketahui,https://www.cnbcindonesia.com/tech/20250921170458-37-668877/kiamat-driver-online-makin-dekat-tandanya-sudah-muncul-di-tetangga-ri,cnbc,2025-09-22 00:00:00+07:00,suntikan dana rp200 triliun,0.0,0.222,0.718,0.498,False
CNBC Insight60.000 Orang Tewas Dihantam Nuklir Cuma Gara-gara Tombol Komputer ErorTech12 jam yang lalu,Tidak Diketahui,https://www.cnbcindonesia.com/tech/20250921150347-37-668860/60000-orang-tewas-dihantam-nuklir-cuma-gara-gara-tombol-komputer-eror,cnbc,2025-09-22 00:00:00+07:00,diskusi banggar dpr,0.0,0.182,0.738,0.498,False
Saat Purbaya Ungkap Isi Pertemuan dengan Presiden Prabowo di Hambalang,Triyan Pangastuti,https://www.idntimes.com/business/economy/purbaya-ungkap-isi-pertemuannya-dengan-presiden-prabowo-di-hambalang-00-gshdq-3d942n,idn_times,2025-09-20 07:23:00+07:00,suntikan dana rp200 triliun,0.0,0.309,0.676,0.498,False
Adu Harga Emas 24 Karat di Semar Nusantara dan Pegadaian Hari Ini 21 September 2025,Tidak Diketahui,https://www.liputan6.com/bisnis/read/6164838/adu-harga-emas-24-karat-di-semar-nusantara-dan-pegadaian-hari-ini-21-september-2025,liputan6,2025-09-21 14:30:46+07:00,suntikan dana rp200 triliun,0.0,0.273,0.694,0.498,False
"KAI Dorong UMKM Berkelas Dunia Lewat Sertifikasi Halal, BPOM, dan HKI",Tidak Diketahui,https://www.liputan6.com/bisnis/read/6164478/kai-dorong-umkm-berkelas-dunia-lewat-sertifikasi-halal-bpom-dan-hki,liputan6,2025-09-20 18:50:37+07:00,suntikan dana rp200 triliun,0.0,0.271,0.695,0.498,False
"Internasional7 Fakta Serangan Lumpuhkan 3 Bandara Besar, Puluhan Penerbangan BatalNews9 jam yang lalu",Tidak Diketahui,https://www.cnbcindonesia.com/news/20250921183948-4-668892/7-fakta-serangan-lumpuhkan-3-bandara-besar-puluhan-penerbangan-batal,cnbc,2025-09-22 00:00:00+07:00,suntikan dana rp200 triliun,0.0,0.234,0.712,0.497,False
Perkembangan Kasus Dugaan Korupsi Kuota Haji dalam Sepekan Terakhir,Tim detikHikmah,https://www.detik.com/hikmah/haji-dan-umrah/d-8123369/perkembangan-kasus-dugaan-korupsi-kuota-haji-dalam-sepekan-terakhir,detik,2025-09-21 20:00:34+07:00,suntikan dana rp200 triliun,0.0,0.234,0.712,0.497,False
Purbaya Pastikan Pemerintah Tak Ubah Batas Defisit dan Rasio Utang,Triyan Pangastuti,https://www.idntimes.com/business/economy/purbaya-pastikan-pemerintah-tak-ubah-batas-defisit-dan-rasio-utang-00-gshdq-4l0wjr,idn_times,2025-09-20 15:01:00+07:00,suntikan dana rp200 triliun,0.0,0.323,0.667,0.497,False
Tegas! Korlantas Larang Sirine dan Strobo Pengawalan Dibunyikan saat Azan Berkumandang,Tidak Diketahui,https://www.liputan6.com/news/read/6164444/tegas-korlantas-larang-sirine-dan-strobo-pengawalan-dibunyikan-saat-azan-berkumandang,liputan6,2025-09-20 16:47:35+07:00,suntikan dana rp200 triliun,0.0,0.195,0.731,0.497,False
"Penggunaan Sirene-Rotator Mobil Patwal Dihentikan Sementara, Ini Pesan Korlantas",Tidak Diketahui,https://www.liputan6.com/news/read/6164353/penggunaan-sirene-rotator-mobil-patwal-dihentikan-sementara-ini-pesan-korlantas,liputan6,2025-09-20 13:54:26+07:00,suntikan dana rp200 triliun,0.0,0.262,0.698,0.497,False
Techno9 Dicecar Bursa Soal Piutang Seret & Utang BankMarket13 menit yang lalu,Tidak Diketahui,https://www.cnbcindonesia.com/market/20250921205251-17-668901/techno9-dicecar-bursa-soal-piutang-seret-utang-bank,cnbc,2025-09-22 00:00:00+07:00,diskusi banggar dpr,0.0,0.25,0.702,0.496,False
"Ini Waktu Terbaik Minum Kopi Supaya Tidak Mati Muda, Jangan Asal!Lifestyle10 jam yang lalu",Tidak Diketahui,https://www.cnbcindonesia.com/lifestyle/20250921170913-33-668879/ini-waktu-terbaik-minum-kopi-supaya-tidak-mati-muda-jangan-asal,cnbc,2025-09-22 00:00:00+07:00,suntikan dana rp200 triliun,0.0,0.205,0.723,0.495,False
Wakapolri Tinjau Langsung Pembangunan SPPG Polri Polda Jateng,Tidak Diketahui,https://news.detik.com/berita/d-8122028/wakapolri-tinjau-langsung-pembangunan-sppg-polri-polda-jateng,detik,2025-09-20 18:56:00+07:00,suntikan dana rp200 triliun,0.0,0.273,0.688,0.495,False
RI Didesak Jalin Perjanjian Ekstradisi dengan Rusia demi Berantas Korupsi hingga NarkotikaNEWS22/09/2025,Tidak Diketahui,https://nasional.kompas.com/read/2025/09/22/06312801/ri-didesak-jalin-perjanjian-ekstradisi-dengan-rusia-demi-berantas-korupsi,kompas,2025-09-22 00:00:00+07:00,diskusi banggar dpr,0.0,0.244,0.703,0.495,False
Gerhana Matahari Parsial: Waktu dan Cara Menyaksikannya,Tidak Diketahui,https://www.liputan6.com/news/read/6164883/gerhana-matahari-parsial-waktu-dan-cara-menyaksikannya,liputan6,2025-09-21 15:35:31+07:00,suntikan dana rp200 triliun,0.0,0.244,0.703,0.495,False
Saat Bunyi Sirene ‘Tot Tot Wuk Wuk’ Polisi Tak Lagi Nyaring,Tidak Diketahui,https://www.liputan6.com/news/read/6164486/saat-bunyi-sirene-tot-tot-wuk-wuk-polisi-tak-lagi-nyaring,liputan6,2025-09-21 07:09:07+07:00,suntikan dana rp200 triliun,0.0,0.256,0.697,0.495,False
Kejari Tangerang Geledah Perusahaan BUMN Terkait Dugaan Korupsi,Tidak Diketahui,https://www.liputan6.com/news/read/6164363/kejari-tangerang-geledah-perusahaan-bumn-terkait-dugaan-korupsi,liputan6,2025-09-20 16:03:22+07:00,diskusi banggar dpr,0.0,0.244,0.703,0.495,False
"Presiden Prabowo Lawatan ke Jepang, AS, Kanada, dan Belanda",Tidak Diketahui,https://www.liputan6.com/news/read/6164092/presiden-prabowo-lawatan-ke-jepang-as-kanada-dan-belanda,liputan6,2025-09-20 06:15:38+07:00,suntikan dana rp200 triliun,0.0,0.279,0.685,0.495,False
Daftar Bank Digital Paling Aman untuk Transaksi Harian,Tidak Diketahui,https://www.liputan6.com/bisnis/read/6164647/daftar-bank-digital-paling-aman-untuk-transaksi-harian,liputan6,2025-09-21 10:00:42+07:00,suntikan dana rp200 triliun,0.0,0.247,0.701,0.495,False
"Marak Penjiplakan dan Pemalsuan Produk, Ini Kiat untuk Pelaku Biar Tak Dirugikan",Tidak Diketahui,https://www.liputan6.com/bisnis/read/6164588/marak-penjiplakan-dan-pemalsuan-produk-ini-kiat-untuk-pelaku-biar-tak-dirugikan,liputan6,2025-09-21 05:00:54+07:00,suntikan dana rp200 triliun,0.0,0.28,0.685,0.495,False
Cek Fakta: Hoaks Artikel Menkeu Purbaya Minta Rakyat Menyumbang Bila Ingin Ekonomi Maju Lagi,Tidak Diketahui,https://www.liputan6.com/cek-fakta/read/6164770/cek-fakta-hoaks-artikel-menkeu-purbaya-minta-rakyat-menyumbang-bila-ingin-ekonomi-maju-lagi,liputan6,2025-09-21 17:01:31+07:00,suntikan dana rp200 triliun,0.0,0.235,0.705,0.494,False
"Mengaku Pihak Leasing, 3 Mata Elang Perampas Motor Warga di Jakut Dibekuk Polisi",Tidak Diketahui,https://www.liputan6.com/news/read/6165010/mengaku-pihak-leasing-3-mata-elang-perampas-motor-warga-di-jakut-dibekuk-polisi,liputan6,2025-09-21 20:40:24+07:00,diskusi banggar dpr,0.0,0.242,0.701,0.494,False
Keracunan Massal Makan Bergizi Gratis yang Belum Juga Usai,Tidak Diketahui,https://www.liputan6.com/news/read/6163988/keracunan-massal-makan-bergizi-gratis-yang-belum-juga-usai,liputan6,2025-09-20 08:04:46+07:00,diskusi banggar dpr,0.0,0.286,0.681,0.494,False
"Pelanggan Pindah ke SPBU Swasta, Bos Pertamina Curhat Begini",Tidak Diketahui,https://www.liputan6.com/bisnis/read/6164669/pelanggan-pindah-ke-spbu-swasta-bos-pertamina-curhat-begini,liputan6,2025-09-21 18:00:54+07:00,suntikan dana rp200 triliun,0.0,0.253,0.697,0.494,False
"PPP Jelang Muktamar: Mardiono Diunggulkan, Agus Suparmanto Jadi Sorotan",Tidak Diketahui,https://news.detik.com/berita/d-8122019/ppp-jelang-muktamar-mardiono-diunggulkan-agus-suparmanto-jadi-sorotan,detik,2025-09-20 18:44:00+07:00,diskusi banggar dpr,0.0,0.222,0.711,0.493,False
Prabowo Dukung Peran Global Indonesia Lewat Kunjungan Expo 2025 Osaka,Tidak Diketahui,https://www.liputan6.com/news/read/6164414/prabowo-dukung-peran-global-indonesia-lewat-kunjungan-expo-2025-osaka,liputan6,2025-09-20 16:41:41+07:00,suntikan dana rp200 triliun,0.0,0.25,0.697,0.493,False
Tingkatkan Kemampuan Networking: 3 Pertanyaan yang Lebih Baik dari 'Apa Pekerjaanmu?',Tidak Diketahui,https://www.liputan6.com/bisnis/read/6159861/tingkatkan-kemampuan-networking-3-pertanyaan-yang-lebih-baik-dari-apa-pekerjaanmu,liputan6,2025-09-20 06:00:44+07:00,suntikan dana rp200 triliun,0.0,0.232,0.706,0.493,False
"Petaka Baru Menghantam China, Muncul Banyak Anak 'Ekor Busuk'Market11 jam yang lalu",Tidak Diketahui,https://www.cnbcindonesia.com/market/20250921163403-17-668868/petaka-baru-menghantam-china-muncul-banyak-anak-ekor-busuk,cnbc,2025-09-22 00:00:00+07:00,diskusi banggar dpr,0.0,0.216,0.711,0.492,False
Kota Semarang Raih Peringkat Pertama di Ajang GM-DTGI Award 2025,Tidak Diketahui,https://news.detik.com/berita/d-8122104/kota-semarang-raih-peringkat-pertama-di-ajang-gm-dtgi-award-2025,detik,2025-09-20 19:53:00+07:00,diskusi banggar dpr,0.0,0.217,0.711,0.492,False
"Soal Revisi UU Pemilu, Anggota Komisi II DPR: Enggak Usah Ontran-ontran...REGIONAL21/09/2025",Tidak Diketahui,https://regional.kompas.com/read/2025/09/21/202031978/soal-revisi-uu-pemilu-anggota-komisi-ii-dpr-enggak-usah-ontran-ontran,kompas,2025-09-21 00:00:00+07:00,diskusi banggar dpr,0.0,0.234,0.703,0.492,False
"Buntut Penggunaan Sirine dan Strobo Dibekukan, Muncul Usulan Pengawalan Hanya untuk Presid...",Tidak Diketahui,https://www.liputan6.com/news/read/6164578/buntut-penggunaan-sirine-dan-strobo-dibekukan-muncul-usulan-pengawalan-hanya-untuk-presiden-wapres,liputan6,2025-09-20 22:51:22+07:00,suntikan dana rp200 triliun,0.0,0.25,0.696,0.492,False
Bisa Belanja Produk UMKM Lewat Platform E-Commerce Ini,Tidak Diketahui,https://www.liputan6.com/bisnis/read/6164479/bisa-belanja-produk-umkm-lewat-platform-e-commerce-ini,liputan6,2025-09-20 18:50:41+07:00,diskusi banggar dpr,0.0,0.274,0.683,0.492,False
"Terbesar di ASEAN, Pelaku Industri Alat Kesehatan Bakal Kumpul di Indonesia",Tidak Diketahui,https://www.liputan6.com/bisnis/read/6164172/terbesar-di-asean-pelaku-industri-alat-kesehatan-bakal-kumpul-di-indonesia,liputan6,2025-09-20 10:40:36+07:00,suntikan dana rp200 triliun,0.0,0.275,0.682,0.492,False
OPINI: Operasi 'Bendera Proletar Palsu' Kaum Kapitalis Barat,Tidak Diketahui,https://www.liputan6.com/news/read/6164133/opini-operasi-bendera-proletar-palsu-kaum-kapitalis-barat,liputan6,2025-09-20 08:40:04+07:00,diskusi banggar dpr,0.0,0.278,0.679,0.491,False
"InternasionalWilayah Dekat RI Digulung Topan Super, Pemerintah Perintahkan EvakuasiNews12 jam yang lalu",Tidak Diketahui,https://www.cnbcindonesia.com/news/20250921152956-4-668862/wilayah-dekat-ri-digulung-topan-super-pemerintah-perintahkan-evakuasi,cnbc,2025-09-22 00:00:00+07:00,suntikan dana rp200 triliun,0.0,0.185,0.725,0.49,False
"Polres Jakbar dan TNI Berbagi Baksos, Ajak Warga Jaga Jakarta",Tidak Diketahui,https://news.detik.com/berita/d-8122307/polres-jakbar-dan-tni-berbagi-baksos-ajak-warga-jaga-jakarta,detik,2025-09-20 23:41:00+07:00,suntikan dana rp200 triliun,0.0,0.205,0.714,0.49,False
"Pidato di Sidang Umum PBB, Presiden Prabowo Mengulang Sejarah Perjuangan Diplomasi Prof Su...",Tidak Diketahui,https://www.liputan6.com/news/read/6164494/pidato-di-sidang-umum-pbb-presiden-prabowo-mengulang-sejarah-perjuangan-diplomasi-prof-sumitro,liputan6,2025-09-20 19:46:46+07:00,diskusi banggar dpr,0.0,0.179,0.727,0.49,False
Apindo Minta Gubernur Banten Ikut Aktif Dongkrak Industri Lokal,Tidak Diketahui,https://www.liputan6.com/bisnis/read/6163960/apindo-minta-gubernur-banten-ikut-aktif-dongkrak-industri-lokal,liputan6,2025-09-20 20:00:04+07:00,diskusi banggar dpr,0.0,0.244,0.694,0.49,False
Pertamina Masih Hitung Kebutuhan BBM untuk SPBU Swasta,Tidak Diketahui,https://www.liputan6.com/bisnis/read/6164306/pertamina-masih-hitung-kebutuhan-bbm-untuk-spbu-swasta,liputan6,2025-09-20 17:00:22+07:00,diskusi banggar dpr,0.0,0.219,0.708,0.49,False
"Apa Itu Ibu Kota Politik Menurut Perpres Prabowo, Bakal Jadi Apa IKN?MONEY21/09/2025",Tidak Diketahui,https://money.kompas.com/read/2025/09/21/200653626/apa-itu-ibu-kota-politik-menurut-perpres-prabowo-bakal-jadi-apa-ikn,kompas,2025-09-21 00:00:00+07:00,suntikan dana rp200 triliun,0.0,0.198,0.715,0.489,False
"PDIP Pecat Wahyudin Moridu, Anggota DPRD Gorontalo yang Viral Mau Rampok Uang Negara",Tidak Diketahui,https://www.liputan6.com/news/read/6164265/pdip-pecat-wahyudin-moridu-anggota-dprd-gorontalo-yang-viral-mau-rampok-uang-negara,liputan6,2025-09-20 12:07:56+07:00,diskusi banggar dpr,0.0,0.233,0.699,0.489,False
Malam-Malam Dony Oskaria Laporkan Transisi Kementerian BUMN ke Presiden,Tidak Diketahui,https://www.liputan6.com/news/read/6164086/malam-malam-dony-oskaria-laporkan-transisi-kementerian-bumn-ke-presiden,liputan6,2025-09-20 05:45:07+07:00,diskusi banggar dpr,0.0,0.244,0.693,0.489,False
"Terbaru, Cek Harga Emas Perhiasan Hari Ini 21 September 2025",Tidak Diketahui,https://www.liputan6.com/bisnis/read/6164821/terbaru-cek-harga-emas-perhiasan-hari-ini-21-september-2025,liputan6,2025-09-21 14:00:23+07:00,suntikan dana rp200 triliun,0.0,0.23,0.7,0.489,False
Top 3: Alasan Menkeu Purbaya Tolak Rencana Tax Amnesty Baru,Tidak Diketahui,https://www.liputan6.com/bisnis/read/6164068/top-3-alasan-menkeu-purbaya-tolak-rencana-tax-amnesty-baru,liputan6,2025-09-20 07:00:15+07:00,menkeu DPR,0.0,0.261,0.685,0.489,False
"InternasionalRusia Terobos Wilayah NATO, Jerman Kerahkan Jet TempurNews1 jam yang lalu",Tidak Diketahui,https://www.cnbcindonesia.com/news/20250922060008-4-668909/rusia-terobos-wilayah-nato-jerman-kerahkan-jet-tempur,cnbc,2025-09-22 00:00:00+07:00,suntikan dana rp200 triliun,0.0,0.195,0.716,0.488,False
1.523 Karang Taruna Daerah Siap Gelar Aksi Bakti Sosial,Tidak Diketahui,https://news.detik.com/berita/d-8122186/1-523-karang-taruna-daerah-siap-gelar-aksi-bakti-sosial,detik,2025-09-20 21:11:00+07:00,suntikan dana rp200 triliun,0.0,0.268,0.68,0.488,False
Anggota DPR Sebut Peran TNI-Polri dalam MBG sebagai KatalisatorREGIONAL22/09/2025,Tidak Diketahui,https://regional.kompas.com/read/2025/09/22/061904278/anggota-dpr-sebut-peran-tni-polri-dalam-mbg-sebagai-katalisator,kompas,2025-09-22 00:00:00+07:00,suntikan dana rp200 triliun,0.0,0.204,0.712,0.488,False
"Mentrans Sambangi Perkampungan Transmigrasi di Salor Merauke, Janji Tuntaskan Masalah Laha...",Tidak Diketahui,https://www.liputan6.com/news/read/6165034/mentrans-sambangi-perkampungan-transmigrasi-di-salor-merauke-janji-tuntaskan-masalah-lahan,liputan6,2025-09-21 21:31:17+07:00,suntikan dana rp200 triliun,0.0,0.183,0.722,0.488,False
"Ketua DPD Sambut Rencana DMDI, Perkuat Kerja sama Multi Sektor Indonesia ke 23 Negara",Tidak Diketahui,https://www.liputan6.com/news/read/6164466/ketua-dpd-sambut-rencana-dmdi-perkuat-kerja-sama-multi-sektor-indonesia-ke-23-negara,liputan6,2025-09-20 14:02:10+07:00,suntikan dana rp200 triliun,0.0,0.196,0.716,0.488,False
"Kakorlantas Polri Bekukan Sementara Penggunaan Sirene-Rotator Mobil Patwal, Apresiasi Aspi...",Tidak Diketahui,https://www.liputan6.com/news/read/6164327/kakorlantas-polri-bekukan-sementara-penggunaan-sirene-rotator-mobil-patwal-apresiasi-aspirasi-publik,liputan6,2025-09-20 13:22:14+07:00,diskusi banggar dpr,0.0,0.25,0.688,0.488,False
KPK: Penyidikan Korupsi Kuota Haji Tidak Mengarah ke Ormas Tertentu,Tidak Diketahui,https://www.liputan6.com/news/read/6164162/kpk-penyidikan-korupsi-kuota-haji-tidak-mengarah-ke-ormas-tertentu,liputan6,2025-09-20 09:34:05+07:00,diskusi banggar dpr,0.0,0.326,0.651,0.488,False
"Ekonomi Indonesia Hadapi Tantangan Berat, Pengusaha Harus Tahan Banting",Tidak Diketahui,https://www.liputan6.com/bisnis/read/6164459/ekonomi-indonesia-hadapi-tantangan-berat-pengusaha-harus-tahan-banting,liputan6,2025-09-20 18:30:26+07:00,suntikan dana rp200 triliun,0.0,0.286,0.67,0.488,False
"Ada TNI Fair di Monas, Kereta Jarak Jauh Berhenti di Stasiun Jatinegara",Tidak Diketahui,https://www.liputan6.com/bisnis/read/6164113/ada-tni-fair-di-monas-kereta-jarak-jauh-berhenti-di-stasiun-jatinegara,liputan6,2025-09-20 08:00:25+07:00,suntikan dana rp200 triliun,0.0,0.224,0.701,0.488,False
Akses Keuangan Penting Bagi Petani untuk Bisa Naik Kelas,Tidak Diketahui,https://www.liputan6.com/bisnis/read/6164656/akses-keuangan-penting-bagi-petani-untuk-bisa-naik-kelas,liputan6,2025-09-21 07:50:57+07:00,diskusi banggar dpr,0.0,0.24,0.692,0.487,False
Siapa Sosok Juru Simpan Duit Kasus Korupsi Kuota Haji?,Wilda Hayatun Nufus,https://news.detik.com/berita/d-8122396/siapa-sosok-juru-simpan-duit-kasus-korupsi-kuota-haji,detik,2025-09-21 06:31:18+07:00,suntikan dana rp200 triliun,0.0,0.272,0.674,0.486,False
"Beda Suara dengan DPW, 5 DPC Jatim Tetap Setia Dukung Mardiono jadi Caketum di Muktamar X ...",Tidak Diketahui,https://www.liputan6.com/news/read/6164960/beda-suara-dengan-dpw-5-dpc-jatim-tetap-setia-dukung-mardiono-jadi-caketum-di-muktamar-x-ppp,liputan6,2025-09-21 19:00:02+07:00,suntikan dana rp200 triliun,0.0,0.217,0.702,0.486,False
"Dicalonkan Jadi Caketum PPP, Mardiono Minta DPW PPP Sultra Jaga Kekompakan Jelang di Mukta...",Tidak Diketahui,https://www.liputan6.com/news/read/6164941/dicalonkan-jadi-caketum-ppp-mardiono-minta-dpw-ppp-sultra-jaga-kekompakan-jelang-di-muktamar-x,liputan6,2025-09-21 17:47:00+07:00,suntikan dana rp200 triliun,0.0,0.233,0.693,0.486,False
"Eks Dirut Investree Adrian Gunadi Sudah Red Notice, Tapi Pemulangan Terkendala Aturan di Q...",Tidak Diketahui,https://www.liputan6.com/news/read/6164326/eks-dirut-investree-adrian-gunadi-sudah-red-notice-tapi-pemulangan-terkendala-aturan-di-qatar,liputan6,2025-09-20 13:48:18+07:00,diskusi banggar dpr,0.0,0.232,0.693,0.486,False
"Ribut Rumah Tangga, Suami Nekat Bakar Rumah dan Istrinya di Cakung Jaktim, Pelaku Ditangka...",Tidak Diketahui,https://www.liputan6.com/news/read/6164305/ribut-rumah-tangga-suami-nekat-bakar-rumah-dan-istrinya-di-cakung-jaktim-pelaku-ditangkap,liputan6,2025-09-20 13:00:32+07:00,suntikan dana rp200 triliun,0.0,0.233,0.693,0.486,False
Menkeu Purbaya: Tax Amnesty Berulang Jadi Insentif Buat Orang Kibul-Kibul,Tidak Diketahui,https://www.liputan6.com/bisnis/read/6164122/menkeu-purbaya-tax-amnesty-berulang-jadi-insentif-buat-orang-kibul-kibul,liputan6,2025-09-20 15:00:06+07:00,diskusi banggar dpr,0.0,0.239,0.69,0.486,False
"Harga Emas Pegadaian Hari Ini Sabtu 20 September 2025, Ada yang Turun",Tidak Diketahui,https://www.liputan6.com/bisnis/read/6164240/harga-emas-pegadaian-hari-ini-sabtu-20-september-2025-ada-yang-turun,liputan6,2025-09-20 12:00:08+07:00,suntikan dana rp200 triliun,0.0,0.229,0.696,0.486,False
Patrick Kluivert Tolak Panggil Ilias Alhaft ke Timnas Indonesia karena Gagal Taklukkan Shayne Pattynama?,Tidak Diketahui,https://bola.okezone.com/read/2025/09/22/51/3171538/patrick-kluivert-tolak-panggil-ilias-alhaft-ke-timnas-indonesia-karena-gagal-taklukkan-shayne-pattynama,okezone,2025-09-22 05:49:00+07:00,suntikan dana rp200 triliun,0.0,0.168,0.726,0.486,False
"Viral, Motor Nyelonong Masuk Tol Priok dan Melawan Arah",Tidak Diketahui,https://news.detik.com/berita/d-8122016/viral-motor-nyelonong-masuk-tol-priok-dan-melawan-arah,detik,2025-09-20 18:28:00+07:00,suntikan dana rp200 triliun,0.0,0.244,0.687,0.485,False
Pidato Prabowo di Sidang Umum PBB: Soroti Inklusivitas dan Kerja Sama GlobalPROV22/09/2025,Tidak Diketahui,https://www.kompas.com/jawa-timur/read/2025/09/22/064054388/pidato-prabowo-di-sidang-umum-pbb-soroti-inklusivitas-dan-kerja-sama,kompas,2025-09-22 00:00:00+07:00,diskusi banggar dpr,0.0,0.22,0.698,0.485,False
"Gerhana Matahari Parsial Terjadi 21 September 2025, Begini Prosesnya",Tidak Diketahui,https://www.liputan6.com/cek-fakta/read/6164810/gerhana-matahari-parsial-terjadi-21-september-2025-begini-prosesnya,liputan6,2025-09-21 14:10:48+07:00,suntikan dana rp200 triliun,0.0,0.189,0.714,0.485,False
Rekayasa Lalin TB Simatupang hingga Akhir Oktober Diputuskan Senin Besok,Tidak Diketahui,https://www.liputan6.com/news/read/6164962/rekayasa-lalin-tb-simatupang-hingga-akhir-oktober-diputuskan-senin-besok,liputan6,2025-09-21 18:16:59+07:00,diskusi banggar dpr,0.0,0.264,0.676,0.485,False
"Profil Wahyudin Moridu, Anggota DPRD Gorontalo yang Viral Ingin Rampok Negara",Tidak Diketahui,https://www.liputan6.com/news/read/6164341/profil-wahyudin-moridu-anggota-dprd-gorontalo-yang-viral-ingin-rampok-negara,liputan6,2025-09-20 14:34:55+07:00,diskusi banggar dpr,0.0,0.25,0.683,0.485,False
"NewsletterData Penting AS & China Menyerbu RI Pekan Ini, IHSG-Rupiah Waspada!Research1 jam yang lalu",Tidak Diketahui,https://www.cnbcindonesia.com/research/20250921221927-128-668903/data-penting-as-china-menyerbu-ri-pekan-ini-ihsg-rupiah-waspada,cnbc,2025-09-22 00:00:00+07:00,suntikan dana rp200 triliun,0.0,0.205,0.704,0.484,False
Turnamen Mini Soccer BMI Cup 2025 jadi Ajang Charity Bantu Korban Banjir Bali dan NTT,Tidak Diketahui,https://www.liputan6.com/news/read/6164889/turnamen-mini-soccer-bmi-cup-2025-jadi-ajang-charity-bantu-korban-banjir-bali-dan-ntt,liputan6,2025-09-21 15:50:00+07:00,diskusi banggar dpr,0.0,0.212,0.699,0.483,False
Perbankan Ikut Tekan Konsumsi Batu Bara PLTU Lewat Pembiayaan Biomassa,Tidak Diketahui,https://www.liputan6.com/bisnis/read/6164964/perbankan-ikut-tekan-konsumsi-batu-bara-pltu-lewat-pembiayaan-biomassa,liputan6,2025-09-21 19:30:19+07:00,diskusi banggar dpr,0.0,0.27,0.668,0.482,False
"Sempat Kaget & Sebut Firaun, Ini Arah Kebijakan Cukai PurbayaNews1 jam yang lalu",Tidak Diketahui,https://www.cnbcindonesia.com/news/20250922061943-4-668911/sempat-kaget-sebut-firaun-ini-arah-kebijakan-cukai-purbaya,cnbc,2025-09-22 00:00:00+07:00,diskusi banggar dpr,0.0,0.202,0.701,0.481,False
"Jangan Terjebak Skor PISA, Anak Indonesia Bisa Unggul Lewat AI No-CodeOpini8 jam yang lalu",Tidak Diketahui,https://www.cnbcindonesia.com/opini/20250921232952-14-668906/jangan-terjebak-skor-pisa-anak-indonesia-bisa-unggul-lewat-ai-no-code,cnbc,2025-09-22 00:00:00+07:00,suntikan dana rp200 triliun,0.0,0.205,0.699,0.481,False
Fakta Menarik Kehadiran Prabowo di Sidang Umum PBB: Cetak Sejarah hingga Ikuti Jejak AyahNEWS22/09/2025,Tidak Diketahui,https://nasional.kompas.com/read/2025/09/22/07192501/fakta-menarik-kehadiran-prabowo-di-sidang-umum-pbb-cetak-sejarah-hingga,kompas,2025-09-22 00:00:00+07:00,suntikan dana rp200 triliun,0.0,0.2,0.701,0.481,False
"Diperintah Dukung Prabowo-Gibran Dua Periode, Projo: Prabowo Pelanjut JokowiNEWS21/09/2025",Tidak Diketahui,https://nasional.kompas.com/read/2025/09/21/20135281/diperintah-dukung-prabowo-gibran-dua-periode-projo-prabowo-pelanjut-jokowi,kompas,2025-09-21 00:00:00+07:00,suntikan dana rp200 triliun,0.0,0.239,0.681,0.481,False
Dave Laksono Apresiasi Polri soal Pembekuan Penggunaan Strobo dan Sirine untuk Pengawalan,Tidak Diketahui,https://www.liputan6.com/news/read/6165037/dave-laksono-apresiasi-polri-soal-pembekuan-penggunaan-strobo-dan-sirine-untuk-pengawalan,liputan6,2025-09-21 22:00:06+07:00,suntikan dana rp200 triliun,0.0,0.207,0.698,0.481,False
"Daftar Harga Emas 24 Karat Hari Ini 20 September 2025: Semar Nusantara, Antam dan Pegadaia...",Tidak Diketahui,https://www.liputan6.com/bisnis/read/6164390/daftar-harga-emas-24-karat-hari-ini-20-september-2025-semar-nusantara-antam-dan-pegadaian,liputan6,2025-09-20 16:00:23+07:00,suntikan dana rp200 triliun,0.0,0.183,0.709,0.481,False
"Profil dan Lika Liku Perjalanan Hasan Nasbi, Kini Jadi Komisaris Pertamina",Tidak Diketahui,https://www.liputan6.com/bisnis/read/6164351/profil-dan-lika-liku-perjalanan-hasan-nasbi-kini-jadi-komisaris-pertamina,liputan6,2025-09-20 14:40:18+07:00,suntikan dana rp200 triliun,0.0,0.198,0.702,0.481,False
"Modal Nekat, Pemuda Ini Sukses Jadi CEO Frozen Yogurt dan Punya 40 Toko di New York",Tidak Diketahui,https://www.liputan6.com/bisnis/read/6163497/modal-nekat-pemuda-ini-sukses-jadi-ceo-frozen-yogurt-dan-punya-40-toko-di-new-york,liputan6,2025-09-21 21:00:17+07:00,suntikan dana rp200 triliun,0.0,0.273,0.663,0.48,False
"CCTV Tersebar, Yu Menglong Diduga Alami Kekerasan sebelum Meninggal",Tidak Diketahui,https://celebrity.okezone.com/read/2025/09/22/33/3171533/cctv-tersebar-yu-menglong-diduga-alami-kekerasan-sebelum-meninggal,okezone,2025-09-22 05:30:00+07:00,diskusi banggar dpr,0.0,0.163,0.718,0.48,False
"Sociolla Cari Talenta Baru untuk Berbagai Posisi Lowongan Kerja, Cek Sekarang Juga",Tidak Diketahui,https://www.liputan6.com/bisnis/read/6162573/sociolla-cari-talenta-baru-untuk-berbagai-posisi-lowongan-kerja-cek-sekarang-juga,liputan6,2025-09-20 18:00:48+07:00,suntikan dana rp200 triliun,0.0,0.22,0.688,0.479,False
"Cek Kecepatan Internet Langsung di Google, Begini CaranyaTech33 menit yang lalu",Tidak Diketahui,https://www.cnbcindonesia.com/tech/20250922070129-37-668920/cek-kecepatan-internet-langsung-di-google-begini-caranya,cnbc,2025-09-22 00:00:00+07:00,suntikan dana rp200 triliun,0.0,0.151,0.721,0.478,False
"9 Ciri Orang Tua yang Anaknya Bakal Sukses Menurut Ahli, Ada di Anda?Lifestyle11 jam yang lalu",Tidak Diketahui,https://www.cnbcindonesia.com/lifestyle/20250921161125-33-668865/9-ciri-orang-tua-yang-anaknya-bakal-sukses-menurut-ahli-ada-di-anda,cnbc,2025-09-22 00:00:00+07:00,suntikan dana rp200 triliun,0.0,0.215,0.689,0.478,False
"Kasus Keracunan Meningkat, KPAI Usul Program MBG Disetop Sementara dan Dievaluasi Menyelur...",Tidak Diketahui,https://www.liputan6.com/news/read/6164803/kasus-keracunan-meningkat-kpai-usul-program-mbg-disetop-sementara-dan-dievaluasi-menyeluruh,liputan6,2025-09-21 12:58:34+07:00,suntikan dana rp200 triliun,0.0,0.2,0.697,0.478,False
"Kerja Keras Tak Bakal Khianati Hasil Itu Mitos, Begini Kata Pakar Karier Stanford",Tidak Diketahui,https://www.liputan6.com/bisnis/read/6163483/kerja-keras-tak-bakal-khianati-hasil-itu-mitos-begini-kata-pakar-karier-stanford,liputan6,2025-09-22 06:00:59+07:00,suntikan dana rp200 triliun,0.0,0.259,0.667,0.478,False
21 September Diperingati sebagai Hari Apa? Simak Selengkapnya!,Tidak Diketahui,https://www.liputan6.com/news/read/6165044/21-september-diperingati-sebagai-hari-apa-simak-selengkapnya,liputan6,2025-09-21 06:30:08+07:00,suntikan dana rp200 triliun,0.0,0.18,0.705,0.477,False
"PSI Respons Serius Pembahasan RUU Perampasan Aset, Harap Segera Disahkan",Tidak Diketahui,https://www.liputan6.com/news/read/6164102/psi-respons-serius-pembahasan-ruu-perampasan-aset-harap-segera-disahkan,liputan6,2025-09-20 06:40:53+07:00,diskusi banggar dpr,0.0,0.22,0.685,0.477,False
"400 Perusahaan Dunia Bakal Kumpul di Jakarta, Catat Tanggalnya",Tidak Diketahui,https://www.liputan6.com/bisnis/read/6164871/400-perusahaan-dunia-bakal-kumpul-di-jakarta-catat-tanggalnya,liputan6,2025-09-21 15:30:09+07:00,diskusi banggar dpr,0.0,0.247,0.671,0.477,False
300 UMKM Mampu Masuk Pasar Global Lewat Program Ini,Tidak Diketahui,https://www.liputan6.com/bisnis/read/6164552/300-umkm-mampu-masuk-pasar-global-lewat-program-ini,liputan6,2025-09-20 21:52:08+07:00,diskusi banggar dpr,0.0,0.2,0.695,0.477,False
Prajurit Cilik hingga Ibu-Ibu Antusias Kelilingi TNI Fair 2025 di Monas,Tidak Diketahui,https://news.detik.com/berita/d-8122041/prajurit-cilik-hingga-ibu-ibu-antusias-kelilingi-tni-fair-2025-di-monas,detik,2025-09-20 19:14:00+07:00,diskusi banggar dpr,0.0,0.178,0.704,0.476,False
"Wahyudin Moridu Viral Ingin Rampok Uang Negara, Ternyata Hartanya Minus",Tidak Diketahui,https://www.liputan6.com/bisnis/read/6164395/wahyudin-moridu-viral-ingin-rampok-uang-negara-ternyata-hartanya-minus,liputan6,2025-09-20 16:20:13+07:00,diskusi banggar dpr,0.0,0.244,0.671,0.476,False
"Wanita Muda Asal Sukabumi Jadi Korban TPPO di China, Disekap hingga Alami Kekerasan Seksual",Tidak Diketahui,https://news.okezone.com/read/2025/09/21/340/3171513/wanita-muda-asal-sukabumi-jadi-korban-tppo-di-china-disekap-hingga-alami-kekerasan-seksual,okezone,2025-09-22 00:30:00+07:00,diskusi banggar dpr,0.0,0.2,0.693,0.476,False
"Kemenko Pemberdayaan Masyarakat Buka Lowongan Pegawai Non-ASN, Daftar di Sini",Tidak Diketahui,https://www.liputan6.com/bisnis/read/6163102/kemenko-pemberdayaan-masyarakat-buka-lowongan-pegawai-non-asn-daftar-di-sini,liputan6,2025-09-21 08:00:31+07:00,diskusi banggar dpr,0.0,0.229,0.677,0.475,False
"Dengar Aspirasi Warga, Polres Tangerang Bakal Tertibkan Pelat Bodong",Tidak Diketahui,https://news.detik.com/berita/d-8122189/dengar-aspirasi-warga-polres-tangerang-bakal-tertibkan-pelat-bodong,detik,2025-09-20 21:21:00+07:00,suntikan dana rp200 triliun,0.0,0.211,0.684,0.474,False
"Harga Emas Perhiasan Hari Ini 20 September 2025, Termahal Tembus Segini",Tidak Diketahui,https://www.liputan6.com/bisnis/read/6164319/harga-emas-perhiasan-hari-ini-20-september-2025-termahal-tembus-segini,liputan6,2025-09-20 13:40:33+07:00,suntikan dana rp200 triliun,0.0,0.204,0.688,0.474,False
"InternasionalIsrael Serang Negara Arab Tetangga, 4 Warga AS Ikut Tewas DirudalNews44 menit yang lalu",Tidak Diketahui,https://www.cnbcindonesia.com/news/20250922064235-4-668918/israel-serang-negara-arab-tetangga-4-warga-as-ikut-tewas-dirudal,cnbc,2025-09-22 00:00:00+07:00,diskusi banggar dpr,0.0,0.235,0.67,0.473,False
Rekam Jejak Wahyudin Moridu yang Viral Hendak Rampok Uang Negara,Yaslinda Utari Kasim,https://www.detik.com/sulsel/berita/d-8121698/rekam-jejak-wahyudin-moridu-yang-viral-hendak-rampok-uang-negara,detik,2025-09-20 14:45:34+07:00,diskusi banggar dpr,0.0,0.217,0.68,0.473,False
"Polres Metro Jakpus Gelar Patroli Gabungan 'Jaga Jakarta', Antisipasi Gangguan Kamtibmas",Tidak Diketahui,https://www.liputan6.com/news/read/6165079/polres-metro-jakpus-gelar-patroli-gabungan-jaga-jakarta-antisipasi-gangguan-kamtibmas,liputan6,2025-09-21 23:26:44+07:00,suntikan dana rp200 triliun,0.0,0.209,0.684,0.473,False
Tanggal 20 Memperingati Hari Apa? Ini Perayaan Unik yang Jarang Diketahui,Tidak Diketahui,https://www.liputan6.com/news/read/6162821/tanggal-20-memperingati-hari-apa-ini-perayaan-unik-yang-jarang-diketahui,liputan6,2025-09-20 06:30:07+07:00,diskusi banggar dpr,0.0,0.174,0.702,0.473,False
2 Pekerja Freeport Ditemukan Tewas di Tambang Bawah Tanah,Tidak Diketahui,https://www.liputan6.com/bisnis/read/6164477/2-pekerja-freeport-ditemukan-tewas-di-tambang-bawah-tanah,liputan6,2025-09-20 18:41:45+07:00,diskusi banggar dpr,0.0,0.289,0.643,0.473,False
Penyebab Patrick Kluivert Merasa Timnas Indonesia Diuntungkan Main di Arab Saudi,Tidak Diketahui,https://bola.okezone.com/read/2025/09/21/51/3171432/penyebab-patrick-kluivert-merasa-timnas-indonesia-diuntungkan-main-di-arab-saudi,okezone,2025-09-22 00:17:00+07:00,suntikan dana rp200 triliun,0.0,0.206,0.686,0.473,False
PDIP Minta TransJ Audit-Sertifikasi Sopir Usai 3 Kecelakaan dalam Sebulan,Tidak Diketahui,https://news.detik.com/berita/d-8123620/pdip-minta-transj-audit-sertifikasi-sopir-usai-3-kecelakaan-dalam-sebulan,detik,2058-09-22 00:00:00+07:00,suntikan dana rp200 triliun,0.0,0.24,0.666,0.472,False
Bapanas: Cadangan Beras Pemerintah Harus Layak Konsumsi,Tidak Diketahui,https://www.liputan6.com/bisnis/read/6164711/bapanas-cadangan-beras-pemerintah-harus-layak-konsumsi,liputan6,2025-09-21 19:00:22+07:00,suntikan dana rp200 triliun,0.0,0.22,0.676,0.472,False
Harga Emas Antam Hari Ini 20 September 2025 Pecah Rekor Termahal Lagi,Tidak Diketahui,https://www.liputan6.com/bisnis/read/6164176/harga-emas-antam-hari-ini-20-september-2025-pecah-rekor-termahal-lagi,liputan6,2025-09-20 10:20:35+07:00,suntikan dana rp200 triliun,0.0,0.188,0.692,0.471,False
Bank Jago Raih Pengakuan Global lewat Inovasi Keuangan Digital dan Inklusif,Tidak Diketahui,https://www.liputan6.com/bisnis/read/6164095/bank-jago-raih-pengakuan-global-lewat-inovasi-keuangan-digital-dan-inklusif,liputan6,2025-09-20 10:00:50+07:00,suntikan dana rp200 triliun,0.0,0.216,0.678,0.471,False
22 September Hari Apa? Ini Jawabannya Mulai  Hari Menara Suar Nasional hingga Hari Badak S...,Tidak Diketahui,https://www.liputan6.com/news/read/6163106/22-september-hari-apa-ini-jawabannya-mulai-hari-menara-suar-nasional-hingga-hari-badak-sedunia,liputan6,2025-09-22 06:45:03+07:00,diskusi banggar dpr,0.0,0.196,0.685,0.47,False
Analisis Pengamat: Dua Alasan Strategis di Balik Pilihan Prabowo Tunjuk Djamari Sebagai Me...,Tidak Diketahui,https://www.liputan6.com/news/read/6164777/analisis-pengamat-dua-alasan-strategis-di-balik-pilihan-prabowo-tunjuk-djamari-sebagai-menko-polkam,liputan6,2025-09-21 12:09:40+07:00,suntikan dana rp200 triliun,0.0,0.217,0.675,0.47,False
Polandia Jadi Negara Kedua di Eropa yang Teken MLA dengan Indonesia,Tidak Diketahui,https://www.liputan6.com/news/read/6164396/polandia-jadi-negara-kedua-di-eropa-yang-teken-mla-dengan-indonesia,liputan6,2025-09-20 15:59:34+07:00,suntikan dana rp200 triliun,0.0,0.17,0.698,0.47,False
"InternasionalChaos! Demo Skandal Korupsi Filipina Ricuh, Pecah Massa Vs PolisiNews1 jam yang lalu",Tidak Diketahui,https://www.cnbcindonesia.com/news/20250921231905-4-668905/chaos-demo-skandal-korupsi-filipina-ricuh-pecah-massa-vs-polisi,cnbc,2025-09-22 00:00:00+07:00,suntikan dana rp200 triliun,0.0,0.258,0.651,0.468,False
"Harga Emas Melesat Lagi, Seberapa Cepat Bisa Tembus US$4.000?Research1 jam yang lalu",Tidak Diketahui,https://www.cnbcindonesia.com/research/20250922055910-128-668910/harga-emas-melesat-lagi-seberapa-cepat-bisa-tembus-us-4000,cnbc,2025-09-22 00:00:00+07:00,diskusi banggar dpr,0.0,0.175,0.692,0.467,False
"Komisi V DPR Dorong Integrasi Transportasi di Terminal Pondok Cabe, Mudahkan Masyarakat",Tidak Diketahui,https://www.liputan6.com/news/read/6165107/komisi-v-dpr-dorong-integrasi-transportasi-di-terminal-pondok-cabe-mudahkan-masyarakat,liputan6,2025-09-22 05:30:18+07:00,suntikan dana rp200 triliun,0.0,0.211,0.673,0.467,False
"Cegah Keracunan MBG Terulang, Pemerintah Perkuat Pengawasan Rantai Produksi",Tidak Diketahui,https://www.liputan6.com/news/read/6164460/cegah-keracunan-mbg-terulang-pemerintah-perkuat-pengawasan-rantai-produksi,liputan6,2025-09-20 16:00:37+07:00,diskusi banggar dpr,0.0,0.213,0.67,0.466,False
Francine Widjojo PSI Dorong Transportasi Publik Gratis untuk Semua Pengurus Rumah Ibadah,Tidak Diketahui,https://www.liputan6.com/news/read/6164443/francine-widjojo-psi-dorong-transportasi-publik-gratis-untuk-semua-pengurus-rumah-ibadah,liputan6,2025-09-20 13:17:23+07:00,suntikan dana rp200 triliun,0.0,0.226,0.663,0.466,False
"Selain Larry Ellison, Donald Trump Sebut Murdoch Bakal Ikut dalam Kesepakatan TikTok",Tidak Diketahui,https://www.liputan6.com/bisnis/read/6165119/selain-larry-ellison-donald-trump-sebut-murdoch-bakal-ikut-dalam-kesepakatan-tiktok,liputan6,2025-09-22 06:40:54+07:00,suntikan dana rp200 triliun,0.0,0.216,0.668,0.466,False
AHY Beberkan Lima Strategi agar Indonesia Berdaya Saing Global,Tidak Diketahui,https://news.detik.com/berita/d-8122151/ahy-beberkan-lima-strategi-agar-indonesia-berdaya-saing-global,detik,2025-09-20 20:36:00+07:00,diskusi banggar dpr,0.0,0.272,0.637,0.464,False
"Gempa Magnitudo 4.0 Guncang Sukabumi, Getarannya Terasa Sampai Bogor",Tidak Diketahui,https://www.liputan6.com/news/read/6164607/gempa-magnitudo-40-guncang-sukabumi-getarannya-terasa-sampai-bogor,liputan6,2025-09-21 00:47:04+07:00,diskusi banggar dpr,0.0,0.207,0.67,0.464,False
Purbaya Tolak Tax Amnesty Lagi: Nanti Semua Nyelundupin Duit Terus!News49 menit yang lalu,Tidak Diketahui,https://www.cnbcindonesia.com/news/20250922062510-4-668913/purbaya-tolak-tax-amnesty-lagi-nanti-semua-nyelundupin-duit-terus,cnbc,2025-09-22 00:00:00+07:00,suntikan dana rp200 triliun,0.0,0.224,0.66,0.463,False
"Prabowo Tiba di Jepang, Kunjungi Paviliun Indonesia di Expo 2025 Osaka",Tidak Diketahui,https://www.liputan6.com/news/read/6164141/prabowo-tiba-di-jepang-kunjungi-paviliun-indonesia-di-expo-2025-osaka,liputan6,2025-09-20 09:01:55+07:00,diskusi banggar dpr,0.0,0.247,0.648,0.463,False
"Anggota DPR Sentil Pejabat Pakai Strobo di Jalan: ""Wuk Wuk Wuk"" Seolah Punya Hak IstimewaNEWS22/09/2025",Tidak Diketahui,https://nasional.kompas.com/read/2025/09/22/06053771/anggota-dpr-sentil-pejabat-pakai-strobo-di-jalan-wuk-wuk-wuk-seolah-punya,kompas,2025-09-22 00:00:00+07:00,suntikan dana rp200 triliun,0.0,0.2,0.671,0.462,False
"Tinggalkan Osaka, Prabowo Bertolak ke New York untuk Pidato di Sidang Umum PBB",Tidak Diketahui,https://www.liputan6.com/news/read/6164405/tinggalkan-osaka-prabowo-bertolak-ke-new-york-untuk-pidato-di-sidang-umum-pbb,liputan6,2025-09-20 16:18:11+07:00,suntikan dana rp200 triliun,0.0,0.21,0.664,0.462,False
"Pengendara Sepeda Listrik Tewas Usai Terseruduk Mobil di Koja, Jakut",Tidak Diketahui,https://news.okezone.com/read/2025/09/21/338/3171518/pengendara-sepeda-listrik-tewas-usai-terseruduk-mobil-di-koja-jakut,okezone,2025-09-22 01:05:00+07:00,suntikan dana rp200 triliun,0.0,0.253,0.643,0.462,False
Sidang Umum PBB Disebut Bakal Galang Pengakuan Dunia ke Palestina,ANTARA,https://news.detik.com/berita/d-8122769/sidang-umum-pbb-disebut-bakal-galang-pengakuan-dunia-ke-palestina,detik,2025-09-21 12:54:43+07:00,suntikan dana rp200 triliun,0.0,0.196,0.67,0.461,False
Pengakuan Jokowi Perintahkan Relawan Dukung Prabowo-Gibran Dua Periode,Tidak Diketahui,https://www.liputan6.com/news/read/6164010/pengakuan-jokowi-perintahkan-relawan-dukung-prabowo-gibran-dua-periode,liputan6,2025-09-20 06:00:06+07:00,suntikan dana rp200 triliun,0.0,0.247,0.645,0.461,False
Bakal Ada Tax Amnesty Lagi? Ekonom: Ibarat Sekolah Ampuni Siswa Menyontek,Tidak Diketahui,https://www.liputan6.com/bisnis/read/6164724/bakal-ada-tax-amnesty-lagi-ekonom-ibarat-sekolah-ampuni-siswa-menyontek,liputan6,2025-09-21 12:00:01+07:00,suntikan dana rp200 triliun,0.0,0.22,0.658,0.461,False
"Harga Emas Hari Ini Melonjak, Siap-Siap Pecah Rekor Lagi",Tidak Diketahui,https://www.liputan6.com/bisnis/read/6164097/harga-emas-hari-ini-melonjak-siap-siap-pecah-rekor-lagi,liputan6,2025-09-20 07:30:26+07:00,suntikan dana rp200 triliun,0.0,0.193,0.669,0.459,False
"Bocah di Depok Terjebak ke Dalam Tabung Pengering Mesin Cuci, Begini Detik-Detik Proses Ev...",Tidak Diketahui,https://www.liputan6.com/news/read/6164925/bocah-di-depok-terjebak-ke-dalam-tabung-pengering-mesin-cuci-begini-detik-detik-proses-evakuasi,liputan6,2025-09-21 16:50:34+07:00,diskusi banggar dpr,0.0,0.107,0.709,0.458,False
"KMP Jatra II Siap Beroperasi Lagi, Layani Rute Gunungsitoli-Sibolga",Tidak Diketahui,https://www.liputan6.com/bisnis/read/6164892/kmp-jatra-ii-siap-beroperasi-lagi-layani-rute-gunungsitoli-sibolga,liputan6,2025-09-21 17:30:30+07:00,diskusi banggar dpr,0.0,0.209,0.657,0.457,False
Pramono Anung Bakal Evaluasi TransJakarta Pasca Serangkaian Kecelakaan Sebulan Terakhir,Tidak Diketahui,https://www.liputan6.com/news/read/6164948/pramono-anung-bakal-evaluasi-transjakarta-pasca-serangkaian-kecelakaan-sebulan-terakhir,liputan6,2025-09-21 18:30:04+07:00,suntikan dana rp200 triliun,0.0,0.158,0.678,0.454,False
Fenomena Lock-In Season: Tren Kejar Target Akhir Tahun yang Berisiko Burnout,Tidak Diketahui,https://www.liputan6.com/bisnis/read/6163805/fenomena-lock-in-season-tren-kejar-target-akhir-tahun-yang-berisiko-burnout,liputan6,2025-09-21 06:00:40+07:00,suntikan dana rp200 triliun,0.0,0.194,0.66,0.454,False
"Beri Pengarahan Santri Ponpes Amanatul Ummah, Menko Pangan Zulhas: Ingat Selalu Petani dan...",Tidak Diketahui,https://www.liputan6.com/news/read/6164822/beri-pengarahan-santri-ponpes-amanatul-ummah-menko-pangan-zulhas-ingat-selalu-petani-dan-nelayan,liputan6,2025-09-21 13:32:54+07:00,diskusi banggar dpr,0.0,0.143,0.684,0.453,False
"Suku Bunga AS Turun, Kepercayaan Investor Asing ke SBN Menguat",Tidak Diketahui,https://www.liputan6.com/bisnis/read/6164267/suku-bunga-as-turun-kepercayaan-investor-asing-ke-sbn-menguat,liputan6,2025-09-20 19:00:13+07:00,diskusi banggar dpr,0.0,0.247,0.629,0.451,False
Astra Kembali Hadir di Paviliun Indonesia pada Gelaran World Expo 2025 Osaka,Tidak Diketahui,https://www.liputan6.com/bisnis/read/6164645/astra-kembali-hadir-di-paviliun-indonesia-pada-gelaran-world-expo-2025-osaka,liputan6,2025-09-21 07:30:47+07:00,diskusi banggar dpr,0.0,0.211,0.645,0.45,False
Tak Ada Alasan Lagi Bunga Pinjaman Bank Susah Turun!Research29 menit yang lalu,Tidak Diketahui,https://www.cnbcindonesia.com/research/20250918105133-128-668091/tak-ada-alasan-lagi-bunga-pinjaman-bank-susah-turun,cnbc,2025-09-22 00:00:00+07:00,diskusi banggar dpr,0.0,0.206,0.641,0.447,False
"Manchester City Gagal Menang Lawan Arsenal, Pep Guardiola: Hasilnya Lebih Baik dari Lawan Man United!",Tidak Diketahui,https://bola.okezone.com/read/2025/09/22/45/3171547/manchester-city-gagal-menang-lawan-arsenal-pep-guardiola-hasilnya-lebih-baik-dari-lawan-man-united,okezone,2025-09-22 07:14:00+07:00,suntikan dana rp200 triliun,0.0,0.281,0.605,0.447,False
"Viral Artis Thailand Mukbang Seblak, Netizen: Mulai Mendunia Nih!",Tidak Diketahui,https://women.okezone.com/read/2025/09/21/612/3171461/viral-artis-thailand-mukbang-seblak-netizen-mulai-mendunia-nih,okezone,2025-09-22 06:04:00+07:00,diskusi banggar dpr,0.0,0.214,0.637,0.447,False
InternasionalResmi! Inggris-Australia-Kanada Akui Kedaulatan Negara PalestinaNews2 jam yang lalu,Tidak Diketahui,https://www.cnbcindonesia.com/news/20250921225710-4-668904/resmi-inggris-australia-kanada-akui-kedaulatan-negara-palestina,cnbc,2025-09-22 00:00:00+07:00,suntikan dana rp200 triliun,0.0,0.244,0.621,0.446,False
"Transaksi Internasional Jago Syariah Melonjak, Pasar Terbesar Arab Saudi",Tidak Diketahui,https://www.liputan6.com/bisnis/read/6164099/transaksi-internasional-jago-syariah-melonjak-pasar-terbesar-arab-saudi,liputan6,2025-09-20 14:00:13+07:00,diskusi banggar dpr,0.0,0.242,0.618,0.444,False
"Inggris, Kanada, Australia, dan Portugal Resmi Umumkan Pengakuan Negara Palestina",Tidak Diketahui,https://news.okezone.com/read/2025/09/22/18/3171541/inggris-kanada-australia-dan-portugal-resmi-umumkan-pengakuan-negara-palestina,okezone,2025-09-22 06:27:00+07:00,suntikan dana rp200 triliun,0.0,0.259,0.605,0.441,False
